Id Partita,Data,Giocatore,Punteggio,Partecipazione,Vittoria,Tipo Partita,Compagno 1,Compagno 2,Check
1,2024-05-14,Andrea,0,Si,No,1vs1vs1,,,OK
1,2024-05-14,Pietro,54,Si,No,1vs1vs1,,,OK
1,2024-05-14,Pol,,No,No,1vs1vs1,,,OK
1,2024-05-14,Sam,,No,No,1vs1vs1,,,OK
1,2024-05-14,Tommy,66,Si,Si,1vs1vs1,,,OK
2,2024-05-14,Andrea,48,Si,Si,1vs1vs1,,,OK
2,2024-05-14,Pietro,43,Si,No,1vs1vs1,,,OK
2,2024-05-14,Pol,,No,No,1vs1vs1,,,OK
2,2024-05-14,Sam,,No,No,1vs1vs1,,,OK
2,2024-05-14,Tommy,29,Si,No,1vs1vs1,,,OK
3,2024-05-14,Andrea,46,Si,Si,1vs1vs1,,,OK
3,2024-05-14,Pietro,41,Si,No,1vs1vs1,,,OK
3,2024-05-14,Pol,,No,No,1vs1vs1,,,OK
3,2024-05-14,Sam,,No,No,1vs1vs1,,,OK
3,2024-05-14,Tommy,33,Si,No,1vs1vs1,,,OK
4,2024-05-14,Andrea,46,Si,Si,1vs1vs1,,,OK
4,2024-05-14,Pietro,30,Si,No,1vs1vs1,,,OK
4,2024-05-14,Pol,,No,No,1vs1vs1,,,OK
4,2024-05-14,Sam,,No,No,1vs1vs1,,,OK
4,2024-05-14,Tommy,44,Si,No,1vs1vs1,,,OK
5,2024-05-14,Andrea,36,Si,No,1vs1vs1,,,OK
5,2024-05-14,Pietro,31,Si,No,1vs1vs1,,,OK
5,2024-05-14,Pol,,No,No,1vs1vs1,,,OK
5,2024-05-14,Sam,,No,No,1vs1vs1,,,OK
5,2024-05-14,Tommy,53,Si,Si,1vs1vs1,,,OK
6,2024-05-14,Andrea,52,Si,Si,1vs1vs1,,,OK
6,2024-05-14,Pietro,34,Si,No,1vs1vs1,,,OK
6,2024-05-14,Pol,,No,No,1vs1vs1,,,OK
6,2024-05-14,Sam,,No,No,1vs1vs1,,,OK
6,2024-05-14,Tommy,34,Si,No,1vs1vs1,,,OK
7,2024-05-14,Andrea,24,Si,No,1vs1vs1,,,OK
7,2024-05-14,Pietro,51,Si,Si,1vs1vs1,,,OK
7,2024-05-14,Pol,,No,No,1vs1vs1,,,OK
7,2024-05-14,Sam,,No,No,1vs1vs1,,,OK
7,2024-05-14,Tommy,45,Si,No,1vs1vs1,,,OK
8,2024-05-14,Andrea,56,Si,Si,1vs1vs1,,,OK
8,2024-05-14,Pietro,29,Si,No,1vs1vs1,,,OK
8,2024-05-14,Pol,,No,No,1vs1vs1,,,OK
8,2024-05-14,Sam,,No,No,1vs1vs1,,,OK
8,2024-05-14,Tommy,35,Si,No,1vs1vs1,,,OK
9,2024-05-14,Andrea,37,Si,No,1vs1vs1,,,OK
9,2024-05-14,Pietro,14,Si,No,1vs1vs1,,,OK
9,2024-05-14,Pol,,No,No,1vs1vs1,,,OK
9,2024-05-14,Sam,,No,No,1vs1vs1,,,OK
9,2024-05-14,Tommy,69,Si,Si,1vs1vs1,,,OK
10,2024-05-14,Andrea,29,Si,No,1vs1vs1,,,OK
10,2024-05-14,Pietro,35,Si,No,1vs1vs1,,,OK
10,2024-05-14,Pol,,No,No,1vs1vs1,,,OK
10,2024-05-14,Sam,,No,No,1vs1vs1,,,OK
10,2024-05-14,Tommy,56,Si,Si,1vs1vs1,,,OK
11,2024-05-14,Andrea,0,Si,No,1vs1vs1,,,OK
11,2024-05-14,Pietro,48,Si,No,1vs1vs1,,,OK
11,2024-05-14,Pol,,No,No,1vs1vs1,,,OK
11,2024-05-14,Sam,,No,No,1vs1vs1,,,OK
11,2024-05-14,Tommy,72,Si,Si,1vs1vs1,,,OK
12,2024-05-14,Andrea,28,Si,No,1vs1vs1,,,OK
12,2024-05-14,Pietro,78,Si,Si,1vs1vs1,,,OK
12,2024-05-14,Pol,,No,No,1vs1vs1,,,OK
12,2024-05-14,Sam,,No,No,1vs1vs1,,,OK
12,2024-05-14,Tommy,14,Si,No,1vs1vs1,,,OK
13,2024-05-14,Andrea,4,Si,No,1vs1vs1,,,OK
13,2024-05-14,Pietro,55,Si,No,1vs1vs1,,,OK
13,2024-05-14,Pol,,No,No,1vs1vs1,,,OK
13,2024-05-14,Sam,,No,No,1vs1vs1,,,OK
13,2024-05-14,Tommy,61,Si,Si,1vs1vs1,,,OK
14,2024-05-14,Andrea,29,Si,No,1vs1vs1,,,OK
14,2024-05-14,Pietro,32,Si,No,1vs1vs1,,,OK
14,2024-05-14,Pol,,No,No,1vs1vs1,,,OK
14,2024-05-14,Sam,,No,No,1vs1vs1,,,OK
14,2024-05-14,Tommy,59,Si,Si,1vs1vs1,,,OK
15,2024-05-14,Andrea,23,Si,No,2vs2,Pietro,,OK
15,2024-05-14,Pietro,23,Si,No,2vs2,Andrea,,OK
15,2024-05-14,Pol,97,Si,Si,2vs2,Tommy,,OK
15,2024-05-14,Sam,,No,No,2vs2,,,OK
15,2024-05-14,Tommy,97,Si,Si,2vs2,Pol,,OK
16,2024-05-14,Andrea,56,Si,No,2vs2,Pietro,,OK
16,2024-05-14,Pietro,56,Si,No,2vs2,Andrea,,OK
16,2024-05-14,Pol,64,Si,Si,2vs2,Tommy,,OK
16,2024-05-14,Sam,,No,No,2vs2,,,OK
16,2024-05-14,Tommy,64,Si,Si,2vs2,Pol,,OK
17,2024-05-15,Andrea,55,Si,No,2vs2,Pietro,,OK
17,2024-05-15,Pietro,55,Si,No,2vs2,Andrea,,OK
17,2024-05-15,Pol,65,Si,Si,2vs2,Tommy,,OK
17,2024-05-15,Sam,,No,No,2vs2,,,OK
17,2024-05-15,Tommy,65,Si,Si,2vs2,Pol,,OK
18,2024-05-15,Andrea,45,Si,No,2vs2,Pietro,,OK
18,2024-05-15,Pietro,45,Si,No,2vs2,Andrea,,OK
18,2024-05-15,Pol,75,Si,Si,2vs2,Tommy,,OK
18,2024-05-15,Sam,,No,No,2vs2,,,OK
18,2024-05-15,Tommy,75,Si,Si,2vs2,Pol,,OK
19,2024-05-15,Andrea,,No,No,1vs1,,,OK
19,2024-05-15,Pietro,50,Si,No,1vs1,,,OK
19,2024-05-15,Pol,,No,No,1vs1,,,OK
19,2024-05-15,Sam,,No,No,1vs1,,,OK
19,2024-05-15,Tommy,70,Si,Si,1vs1,,,OK
20,2024-05-15,Andrea,,No,No,1vs1,,,OK
20,2024-05-15,Pietro,70,Si,Si,1vs1,,,OK
20,2024-05-15,Pol,,No,No,1vs1,,,OK
20,2024-05-15,Sam,,No,No,1vs1,,,OK
20,2024-05-15,Tommy,50,Si,No,1vs1,,,OK
21,2024-05-15,Andrea,,No,No,1vs1,,,OK
21,2024-05-15,Pietro,62,Si,Si,1vs1,,,OK
21,2024-05-15,Pol,,No,No,1vs1,,,OK
21,2024-05-15,Sam,,No,No,1vs1,,,OK
21,2024-05-15,Tommy,58,Si,No,1vs1,,,OK
22,2024-05-15,Andrea,,No,No,1vs1,,,OK
22,2024-05-15,Pietro,61,Si,Si,1vs1,,,OK
22,2024-05-15,Pol,,No,No,1vs1,,,OK
22,2024-05-15,Sam,,No,No,1vs1,,,OK
22,2024-05-15,Tommy,59,Si,No,1vs1,,,OK
23,2024-05-15,Andrea,,No,No,1vs1,,,OK
23,2024-05-15,Pietro,57,Si,No,1vs1,,,OK
23,2024-05-15,Pol,,No,No,1vs1,,,OK
23,2024-05-15,Sam,,No,No,1vs1,,,OK
23,2024-05-15,Tommy,63,Si,Si,1vs1,,,OK
24,2024-05-15,Andrea,,No,No,1vs1,,,OK
24,2024-05-15,Pietro,75,Si,Si,1vs1,,,OK
24,2024-05-15,Pol,,No,No,1vs1,,,OK
24,2024-05-15,Sam,,No,No,1vs1,,,OK
24,2024-05-15,Tommy,45,Si,No,1vs1,,,OK
25,2024-05-15,Andrea,,No,No,1vs1,,,OK
25,2024-05-15,Pietro,43,Si,No,1vs1,,,OK
25,2024-05-15,Pol,,No,No,1vs1,,,OK
25,2024-05-15,Sam,,No,No,1vs1,,,OK
25,2024-05-15,Tommy,77,Si,Si,1vs1,,,OK
26,2024-05-15,Andrea,,No,No,1vs1,,,OK
26,2024-05-15,Pietro,72,Si,Si,1vs1,,,OK
26,2024-05-15,Pol,,No,No,1vs1,,,OK
26,2024-05-15,Sam,,No,No,1vs1,,,OK
26,2024-05-15,Tommy,48,Si,No,1vs1,,,OK
27,2024-05-15,Andrea,,No,No,1vs1,,,OK
27,2024-05-15,Pietro,66,Si,Si,1vs1,,,OK
27,2024-05-15,Pol,,No,No,1vs1,,,OK
27,2024-05-15,Sam,,No,No,1vs1,,,OK
27,2024-05-15,Tommy,54,Si,No,1vs1,,,OK
28,2024-05-15,Andrea,,No,No,1vs1,,,OK
28,2024-05-15,Pietro,73,Si,Si,1vs1,,,OK
28,2024-05-15,Pol,,No,No,1vs1,,,OK
28,2024-05-15,Sam,,No,No,1vs1,,,OK
28,2024-05-15,Tommy,47,Si,No,1vs1,,,OK
29,2024-05-22,Andrea,83,Si,Si,2vs2,Pietro,,OK
29,2024-05-22,Pietro,83,Si,Si,2vs2,Andrea,,OK
29,2024-05-22,Pol,37,Si,No,2vs2,Tommy,,OK
29,2024-05-22,Sam,,No,No,2vs2,,,OK
29,2024-05-22,Tommy,37,Si,No,2vs2,Pol,,OK
30,2024-05-22,Andrea,85,Si,Si,2vs2,Pietro,,OK
30,2024-05-22,Pietro,85,Si,Si,2vs2,Andrea,,OK
30,2024-05-22,Pol,35,Si,No,2vs2,Tommy,,OK
30,2024-05-22,Sam,,No,No,2vs2,,,OK
30,2024-05-22,Tommy,35,Si,No,2vs2,Pol,,OK
31,2024-05-22,Andrea,23,Si,No,2vs2,Pietro,,OK
31,2024-05-22,Pietro,23,Si,No,2vs2,Andrea,,OK
31,2024-05-22,Pol,97,Si,Si,2vs2,Tommy,,OK
31,2024-05-22,Sam,,No,No,2vs2,,,OK
31,2024-05-22,Tommy,97,Si,Si,2vs2,Pol,,OK
32,2024-05-23,Andrea,43,Si,No,1vs1,,,OK
32,2024-05-23,Pietro,,No,No,1vs1,,,OK
32,2024-05-23,Pol,,No,No,1vs1,,,OK
32,2024-05-23,Sam,,No,No,1vs1,,,OK
32,2024-05-23,Tommy,77,Si,Si,1vs1,,,OK
33,2024-05-23,Andrea,40,Si,No,1vs1,,,OK
33,2024-05-23,Pietro,,No,No,1vs1,,,OK
33,2024-05-23,Pol,,No,No,1vs1,,,OK
33,2024-05-23,Sam,,No,No,1vs1,,,OK
33,2024-05-23,Tommy,80,Si,Si,1vs1,,,OK
34,2024-05-23,Andrea,,No,No,2vs2,,,OK
34,2024-05-23,Pietro,85,Si,Si,2vs2,Sam,,OK
34,2024-05-23,Pol,35,Si,No,2vs2,Tommy,,OK
34,2024-05-23,Sam,85,Si,Si,2vs2,Pietro,,OK
34,2024-05-23,Tommy,35,Si,No,2vs2,Pol,,OK
35,2024-05-23,Andrea,,No,No,2vs2,,,OK
35,2024-05-23,Pietro,54,Si,No,2vs2,Sam,,OK
35,2024-05-23,Pol,66,Si,Si,2vs2,Tommy,,OK
35,2024-05-23,Sam,54,Si,No,2vs2,Pietro,,OK
35,2024-05-23,Tommy,66,Si,Si,2vs2,Pol,,OK
36,2024-05-23,Andrea,,No,No,2vs2,,,OK
36,2024-05-23,Pietro,49,Si,No,2vs2,Sam,,OK
36,2024-05-23,Pol,71,Si,Si,2vs2,Tommy,,OK
36,2024-05-23,Sam,49,Si,No,2vs2,Pietro,,OK
36,2024-05-23,Tommy,71,Si,Si,2vs2,Pol,,OK
37,2024-05-23,Andrea,,No,No,2vs2,,,OK
37,2024-05-23,Pietro,69,Si,Si,2vs2,Sam,,OK
37,2024-05-23,Pol,51,Si,No,2vs2,Tommy,,OK
37,2024-05-23,Sam,69,Si,Si,2vs2,Pietro,,OK
37,2024-05-23,Tommy,51,Si,No,2vs2,Pol,,OK
38,2024-05-24,Andrea,68,Si,Si,1vs1vs1,,,OK
38,2024-05-24,Pietro,35,Si,No,1vs1vs1,,,OK
38,2024-05-24,Pol,,No,No,1vs1vs1,,,OK
38,2024-05-24,Sam,,No,No,1vs1vs1,,,OK
38,2024-05-24,Tommy,17,Si,No,1vs1vs1,,,OK
39,2024-05-24,Andrea,29,Si,No,1vs1vs1,,,OK
39,2024-05-24,Pietro,44,Si,No,1vs1vs1,,,OK
39,2024-05-24,Pol,,No,No,1vs1vs1,,,OK
39,2024-05-24,Sam,,No,No,1vs1vs1,,,OK
39,2024-05-24,Tommy,47,Si,Si,1vs1vs1,,,OK
40,2024-05-24,Andrea,48,Si,Si,1vs1vs1,,,OK
40,2024-05-24,Pietro,48,Si,Si,1vs1vs1,,,OK
40,2024-05-24,Pol,,No,No,1vs1vs1,,,OK
40,2024-05-24,Sam,,No,No,1vs1vs1,,,OK
40,2024-05-24,Tommy,24,Si,No,1vs1vs1,,,OK
41,2024-05-24,Andrea,55,Si,Si,1vs1vs1,,,OK
41,2024-05-24,Pietro,32,Si,No,1vs1vs1,,,OK
41,2024-05-24,Pol,,No,No,1vs1vs1,,,OK
41,2024-05-24,Sam,,No,No,1vs1vs1,,,OK
41,2024-05-24,Tommy,33,Si,No,1vs1vs1,,,OK
42,2024-05-24,Andrea,35,Si,No,1vs1vs1,,,OK
42,2024-05-24,Pietro,53,Si,Si,1vs1vs1,,,OK
42,2024-05-24,Pol,,No,No,1vs1vs1,,,OK
42,2024-05-24,Sam,,No,No,1vs1vs1,,,OK
42,2024-05-24,Tommy,32,Si,No,1vs1vs1,,,OK
43,2024-05-24,Andrea,17,Si,No,1vs1vs1,,,OK
43,2024-05-24,Pietro,35,Si,No,1vs1vs1,,,OK
43,2024-05-24,Pol,,No,No,1vs1vs1,,,OK
43,2024-05-24,Sam,,No,No,1vs1vs1,,,OK
43,2024-05-24,Tommy,68,Si,Si,1vs1vs1,,,OK
44,2024-05-24,Andrea,42,Si,Si,1vs1vs1,,,OK
44,2024-05-24,Pietro,40,Si,No,1vs1vs1,,,OK
44,2024-05-24,Pol,,No,No,1vs1vs1,,,OK
44,2024-05-24,Sam,,No,No,1vs1vs1,,,OK
44,2024-05-24,Tommy,38,Si,No,1vs1vs1,,,OK
45,2024-05-24,Andrea,26,Si,No,1vs1vs1,,,OK
45,2024-05-24,Pietro,16,Si,No,1vs1vs1,,,OK
45,2024-05-24,Pol,,No,No,1vs1vs1,,,OK
45,2024-05-24,Sam,,No,No,1vs1vs1,,,OK
45,2024-05-24,Tommy,78,Si,Si,1vs1vs1,,,OK
46,2024-05-24,Andrea,60,Si,Si,1vs1vs1,,,OK
46,2024-05-24,Pietro,36,Si,No,1vs1vs1,,,OK
46,2024-05-24,Pol,,No,No,1vs1vs1,,,OK
46,2024-05-24,Sam,,No,No,1vs1vs1,,,OK
46,2024-05-24,Tommy,24,Si,No,1vs1vs1,,,OK
47,2024-05-24,Andrea,63,Si,Si,1vs1vs1,,,OK
47,2024-05-24,Pietro,33,Si,No,1vs1vs1,,,OK
47,2024-05-24,Pol,,No,No,1vs1vs1,,,OK
47,2024-05-24,Sam,,No,No,1vs1vs1,,,OK
47,2024-05-24,Tommy,24,Si,No,1vs1vs1,,,OK
48,2024-05-24,Andrea,45,Si,Si,1vs1vs1,,,OK
48,2024-05-24,Pietro,34,Si,No,1vs1vs1,,,OK
48,2024-05-24,Pol,,No,No,1vs1vs1,,,OK
48,2024-05-24,Sam,,No,No,1vs1vs1,,,OK
48,2024-05-24,Tommy,41,Si,No,1vs1vs1,,,OK
49,2024-05-24,Andrea,33,Si,No,1vs1vs1,,,OK
49,2024-05-24,Pietro,29,Si,No,1vs1vs1,,,OK
49,2024-05-24,Pol,,No,No,1vs1vs1,,,OK
49,2024-05-24,Sam,,No,No,1vs1vs1,,,OK
49,2024-05-24,Tommy,58,Si,Si,1vs1vs1,,,OK
50,2024-05-24,Andrea,79,Si,Si,1vs1vs1,,,OK
50,2024-05-24,Pietro,26,Si,No,1vs1vs1,,,OK
50,2024-05-24,Pol,,No,No,1vs1vs1,,,OK
50,2024-05-24,Sam,,No,No,1vs1vs1,,,OK
50,2024-05-24,Tommy,15,Si,No,1vs1vs1,,,OK
51,2024-05-28,Andrea,,No,No,1vs1vs1,,,OK
51,2024-05-28,Pietro,10,Si,No,1vs1vs1,,,OK
51,2024-05-28,Pol,44,Si,No,1vs1vs1,,,OK
51,2024-05-28,Sam,,No,No,1vs1vs1,,,OK
51,2024-05-28,Tommy,66,Si,Si,1vs1vs1,,,OK
52,2024-05-29,Andrea,45,Si,No,1vs1,,,OK
52,2024-05-29,Pietro,,No,No,1vs1,,,OK
52,2024-05-29,Pol,,No,No,1vs1,,,OK
52,2024-05-29,Sam,,No,No,1vs1,,,OK
52,2024-05-29,Tommy,75,Si,Si,1vs1,,,OK
53,2024-05-29,Andrea,58,Si,No,2vs2,Pietro,,OK
53,2024-05-29,Pietro,58,Si,No,2vs2,Andrea,,OK
53,2024-05-29,Pol,62,Si,Si,2vs2,Tommy,,OK
53,2024-05-29,Sam,,No,No,2vs2,,,OK
53,2024-05-29,Tommy,62,Si,Si,2vs2,Pol,,OK
54,2024-05-29,Andrea,82,Si,Si,2vs2,Tommy,,OK
54,2024-05-29,Pietro,38,Si,No,2vs2,Sam,,OK
54,2024-05-29,Pol,,No,No,2vs2,,,OK
54,2024-05-29,Sam,38,Si,No,2vs2,Pietro,,OK
54,2024-05-29,Tommy,82,Si,Si,2vs2,Andrea,,OK
55,2024-05-29,Andrea,45,Si,No,2vs2,Tommy,,OK
55,2024-05-29,Pietro,75,Si,Si,2vs2,Sam,,OK
55,2024-05-29,Pol,,No,No,2vs2,,,OK
55,2024-05-29,Sam,75,Si,Si,2vs2,Pietro,,OK
55,2024-05-29,Tommy,45,Si,No,2vs2,Andrea,,OK
56,2024-05-29,Andrea,79,Si,Si,2vs2,Tommy,,OK
56,2024-05-29,Pietro,41,Si,No,2vs2,Sam,,OK
56,2024-05-29,Pol,,No,No,2vs2,,,OK
56,2024-05-29,Sam,41,Si,No,2vs2,Pietro,,OK
56,2024-05-29,Tommy,79,Si,Si,2vs2,Andrea,,OK
57,2024-05-29,Andrea,48,Si,No,1vs1vs1,,,OK
57,2024-05-29,Pietro,52,Si,Si,1vs1vs1,,,OK
57,2024-05-29,Pol,,No,No,1vs1vs1,,,OK
57,2024-05-29,Sam,,No,No,1vs1vs1,,,OK
57,2024-05-29,Tommy,20,Si,No,1vs1vs1,,,OK
58,2024-05-29,Andrea,13,Si,No,1vs1vs1,,,OK
58,2024-05-29,Pietro,83,Si,Si,1vs1vs1,,,OK
58,2024-05-29,Pol,,No,No,1vs1vs1,,,OK
58,2024-05-29,Sam,,No,No,1vs1vs1,,,OK
58,2024-05-29,Tommy,24,Si,No,1vs1vs1,,,OK
59,2024-05-29,Andrea,65,Si,Si,2vs2,Pietro,,OK
59,2024-05-29,Pietro,65,Si,Si,2vs2,Andrea,,OK
59,2024-05-29,Pol,55,Si,No,2vs2,Tommy,,OK
59,2024-05-29,Sam,,No,No,2vs2,,,OK
59,2024-05-29,Tommy,55,Si,No,2vs2,Pol,,OK
60,2024-09-24,Andrea,51,Si,Si,1vs1vs1,,,OK
60,2024-09-24,Pietro,23,Si,No,1vs1vs1,,,OK
60,2024-09-24,Pol,,No,No,1vs1vs1,,,OK
60,2024-09-24,Sam,,No,No,1vs1vs1,,,OK
60,2024-09-24,Tommy,46,Si,No,1vs1vs1,,,OK
61,2024-09-24,Andrea,49,Si,Si,1vs1vs1,,,OK
61,2024-09-24,Pietro,44,Si,No,1vs1vs1,,,OK
61,2024-09-24,Pol,,No,No,1vs1vs1,,,OK
61,2024-09-24,Sam,,No,No,1vs1vs1,,,OK
61,2024-09-24,Tommy,27,Si,No,1vs1vs1,,,OK
62,2024-09-24,Andrea,17,Si,No,1vs1vs1,,,OK
62,2024-09-24,Pietro,59,Si,Si,1vs1vs1,,,OK
62,2024-09-24,Pol,,No,No,1vs1vs1,,,OK
62,2024-09-24,Sam,,No,No,1vs1vs1,,,OK
62,2024-09-24,Tommy,44,Si,No,1vs1vs1,,,OK
63,2024-09-24,Andrea,15,Si,No,1vs1vs1,,,OK
63,2024-09-24,Pietro,35,Si,No,1vs1vs1,,,OK
63,2024-09-24,Pol,,No,No,1vs1vs1,,,OK
63,2024-09-24,Sam,,No,No,1vs1vs1,,,OK
63,2024-09-24,Tommy,70,Si,Si,1vs1vs1,,,OK
64,2024-09-24,Andrea,65,Si,Si,1vs1vs1,,,OK
64,2024-09-24,Pietro,22,Si,No,1vs1vs1,,,OK
64,2024-09-24,Pol,,No,No,1vs1vs1,,,OK
64,2024-09-24,Sam,,No,No,1vs1vs1,,,OK
64,2024-09-24,Tommy,33,Si,No,1vs1vs1,,,OK
65,2024-09-24,Andrea,43,Si,No,1vs1vs1,,,OK
65,2024-09-24,Pietro,32,Si,No,1vs1vs1,,,OK
65,2024-09-24,Pol,,No,No,1vs1vs1,,,OK
65,2024-09-24,Sam,,No,No,1vs1vs1,,,OK
65,2024-09-24,Tommy,45,Si,Si,1vs1vs1,,,OK
66,2024-09-24,Andrea,31,Si,No,1vs1vs1,,,OK
66,2024-09-24,Pietro,25,Si,No,1vs1vs1,,,OK
66,2024-09-24,Pol,,No,No,1vs1vs1,,,OK
66,2024-09-24,Sam,,No,No,1vs1vs1,,,OK
66,2024-09-24,Tommy,64,Si,Si,1vs1vs1,,,OK
67,2024-09-24,Andrea,25,Si,No,1vs1vs1,,,OK
67,2024-09-24,Pietro,50,Si,Si,1vs1vs1,,,OK
67,2024-09-24,Pol,,No,No,1vs1vs1,,,OK
67,2024-09-24,Sam,,No,No,1vs1vs1,,,OK
67,2024-09-24,Tommy,45,Si,No,1vs1vs1,,,OK
68,2024-09-24,Andrea,36,Si,No,1vs1vs1,,,OK
68,2024-09-24,Pietro,50,Si,Si,1vs1vs1,,,OK
68,2024-09-24,Pol,,No,No,1vs1vs1,,,OK
68,2024-09-24,Sam,,No,No,1vs1vs1,,,OK
68,2024-09-24,Tommy,34,Si,No,1vs1vs1,,,OK
69,2024-09-24,Andrea,38,Si,No,1vs1vs1,,,OK
69,2024-09-24,Pietro,55,Si,Si,1vs1vs1,,,OK
69,2024-09-24,Pol,,No,No,1vs1vs1,,,OK
69,2024-09-24,Sam,,No,No,1vs1vs1,,,OK
69,2024-09-24,Tommy,27,Si,No,1vs1vs1,,,OK
70,2024-09-24,Andrea,38,Si,No,1vs1vs1,,,OK
70,2024-09-24,Pietro,12,Si,No,1vs1vs1,,,OK
70,2024-09-24,Pol,,No,No,1vs1vs1,,,OK
70,2024-09-24,Sam,,No,No,1vs1vs1,,,OK
70,2024-09-24,Tommy,70,Si,Si,1vs1vs1,,,OK
71,2024-09-24,Andrea,69,Si,Si,1vs1vs1,,,OK
71,2024-09-24,Pietro,33,Si,No,1vs1vs1,,,OK
71,2024-09-24,Pol,,No,No,1vs1vs1,,,OK
71,2024-09-24,Sam,,No,No,1vs1vs1,,,OK
71,2024-09-24,Tommy,18,Si,No,1vs1vs1,,,OK
72,2024-09-24,Andrea,41,Si,No,1vs1vs1,,,OK
72,2024-09-24,Pietro,76,Si,Si,1vs1vs1,,,OK
72,2024-09-24,Pol,,No,No,1vs1vs1,,,OK
72,2024-09-24,Sam,,No,No,1vs1vs1,,,OK
72,2024-09-24,Tommy,3,Si,No,1vs1vs1,,,OK
73,2024-09-24,Andrea,46,Si,No,1vs1vs1,,,OK
73,2024-09-24,Pietro,64,Si,Si,1vs1vs1,,,OK
73,2024-09-24,Pol,,No,No,1vs1vs1,,,OK
73,2024-09-24,Sam,,No,No,1vs1vs1,,,OK
73,2024-09-24,Tommy,10,Si,No,1vs1vs1,,,OK
74,2024-09-24,Andrea,45,Si,Si,1vs1vs1,,,OK
74,2024-09-24,Pietro,41,Si,No,1vs1vs1,,,OK
74,2024-09-24,Pol,,No,No,1vs1vs1,,,OK
74,2024-09-24,Sam,,No,No,1vs1vs1,,,OK
74,2024-09-24,Tommy,34,Si,No,1vs1vs1,,,OK
75,2024-10-01,Andrea,23,Si,No,2vs2,Pietro,,OK
75,2024-10-01,Pietro,23,Si,No,2vs2,Andrea,,OK
75,2024-10-01,Pol,,No,No,2vs2,,,OK
75,2024-10-01,Sam,97,Si,Si,2vs2,Tommy,,OK
75,2024-10-01,Tommy,97,Si,Si,2vs2,Sam,,OK
76,2024-10-01,Andrea,45,Si,No,2vs2,Pietro,,OK
76,2024-10-01,Pietro,45,Si,No,2vs2,Andrea,,OK
76,2024-10-01,Pol,,No,No,2vs2,,,OK
76,2024-10-01,Sam,75,Si,Si,2vs2,Tommy,,OK
76,2024-10-01,Tommy,75,Si,Si,2vs2,Sam,,OK
77,2024-10-01,Andrea,51,Si,No,2vs2,Pietro,,OK
77,2024-10-01,Pietro,51,Si,No,2vs2,Andrea,,OK
77,2024-10-01,Pol,,No,No,2vs2,,,OK
77,2024-10-01,Sam,69,Si,Si,2vs2,Tommy,,OK
77,2024-10-01,Tommy,69,Si,Si,2vs2,Sam,,OK
78,2024-10-01,Andrea,82,Si,Si,2vs2,Pietro,,OK
78,2024-10-01,Pietro,82,Si,Si,2vs2,Andrea,,OK
78,2024-10-01,Pol,,No,No,2vs2,,,OK
78,2024-10-01,Sam,38,Si,No,2vs2,Tommy,,OK
78,2024-10-01,Tommy,38,Si,No,2vs2,Sam,,OK
79,2024-10-01,Andrea,74,Si,Si,2vs2,Pietro,,OK
79,2024-10-01,Pietro,74,Si,Si,2vs2,Andrea,,OK
79,2024-10-01,Pol,,No,No,2vs2,,,OK
79,2024-10-01,Sam,46,Si,No,2vs2,Tommy,,OK
79,2024-10-01,Tommy,46,Si,No,2vs2,Sam,,OK
80,2024-10-01,Andrea,63,Si,Si,2vs2,Pietro,,OK
80,2024-10-01,Pietro,63,Si,Si,2vs2,Andrea,,OK
80,2024-10-01,Pol,,No,No,2vs2,,,OK
80,2024-10-01,Sam,57,Si,No,2vs2,Tommy,,OK
80,2024-10-01,Tommy,57,Si,No,2vs2,Sam,,OK
81,2024-10-09,Andrea,51,Si,No,2vs2,Sam,,OK
81,2024-10-09,Pietro,69,Si,Si,2vs2,Pol,,OK
81,2024-10-09,Pol,69,Si,Si,2vs2,Pietro,,OK
81,2024-10-09,Sam,51,Si,No,2vs2,Andrea,,OK
81,2024-10-09,Tommy,,No,No,2vs2,,,OK
82,2024-10-09,Andrea,47,Si,No,2vs2,Sam,,OK
82,2024-10-09,Pietro,73,Si,Si,2vs2,Pol,,OK
82,2024-10-09,Pol,73,Si,Si,2vs2,Pietro,,OK
82,2024-10-09,Sam,47,Si,No,2vs2,Andrea,,OK
82,2024-10-09,Tommy,,No,No,2vs2,,,OK
83,2024-10-09,Andrea,43,Si,No,2vs2,Sam,,OK
83,2024-10-09,Pietro,77,Si,Si,2vs2,Pol,,OK
83,2024-10-09,Pol,77,Si,Si,2vs2,Pietro,,OK
83,2024-10-09,Sam,43,Si,No,2vs2,Andrea,,OK
83,2024-10-09,Tommy,,No,No,2vs2,,,OK
84,2024-10-09,Andrea,68,Si,Si,2vs2,Sam,,OK
84,2024-10-09,Pietro,52,Si,No,2vs2,Pol,,OK
84,2024-10-09,Pol,52,Si,No,2vs2,Pietro,,OK
84,2024-10-09,Sam,68,Si,Si,2vs2,Andrea,,OK
84,2024-10-09,Tommy,,No,No,2vs2,,,OK
85,2024-10-15,Andrea,69,Si,Si,1vs1vs1,,,OK
85,2024-10-15,Pietro,40,Si,No,1vs1vs1,,,OK
85,2024-10-15,Pol,,No,No,1vs1vs1,,,OK
85,2024-10-15,Sam,,No,No,1vs1vs1,,,OK
85,2024-10-15,Tommy,11,Si,No,1vs1vs1,,,OK
86,2024-10-15,Andrea,22,Si,No,1vs1vs1,,,OK
86,2024-10-15,Pietro,76,Si,Si,1vs1vs1,,,OK
86,2024-10-15,Pol,,No,No,1vs1vs1,,,OK
86,2024-10-15,Sam,,No,No,1vs1vs1,,,OK
86,2024-10-15,Tommy,22,Si,No,1vs1vs1,,,OK
87,2024-10-22,Andrea,,No,No,1vs1vs1,,,OK
87,2024-10-22,Pietro,24,Si,No,1vs1vs1,,,OK
87,2024-10-22,Pol,,No,No,1vs1vs1,,,OK
87,2024-10-22,Sam,26,Si,No,1vs1vs1,,,OK
87,2024-10-22,Tommy,70,Si,Si,1vs1vs1,,,OK
88,2024-10-22,Andrea,,No,No,1vs1vs1,,,OK
88,2024-10-22,Pietro,58,Si,Si,1vs1vs1,,,OK
88,2024-10-22,Pol,,No,No,1vs1vs1,,,OK
88,2024-10-22,Sam,23,Si,No,1vs1vs1,,,OK
88,2024-10-22,Tommy,39,Si,No,1vs1vs1,,,OK
89,2024-10-22,Andrea,,No,No,1vs1vs1,,,OK
89,2024-10-22,Pietro,59,Si,Si,1vs1vs1,,,OK
89,2024-10-22,Pol,,No,No,1vs1vs1,,,OK
89,2024-10-22,Sam,16,Si,No,1vs1vs1,,,OK
89,2024-10-22,Tommy,45,Si,No,1vs1vs1,,,OK
90,2024-10-22,Andrea,,No,No,1vs1vs1,,,OK
90,2024-10-22,Pietro,44,Si,No,1vs1vs1,,,OK
90,2024-10-22,Pol,,No,No,1vs1vs1,,,OK
90,2024-10-22,Sam,58,Si,Si,1vs1vs1,,,OK
90,2024-10-22,Tommy,18,Si,No,1vs1vs1,,,OK
91,2024-10-22,Andrea,,No,No,1vs1vs1,,,OK
91,2024-10-22,Pietro,30,Si,No,1vs1vs1,,,OK
91,2024-10-22,Pol,,No,No,1vs1vs1,,,OK
91,2024-10-22,Sam,57,Si,Si,1vs1vs1,,,OK
91,2024-10-22,Tommy,33,Si,No,1vs1vs1,,,OK
92,2024-10-22,Andrea,,No,No,1vs1vs1,,,OK
92,2024-10-22,Pietro,48,Si,Si,1vs1vs1,,,OK
92,2024-10-22,Pol,,No,No,1vs1vs1,,,OK
92,2024-10-22,Sam,29,Si,No,1vs1vs1,,,OK
92,2024-10-22,Tommy,43,Si,No,1vs1vs1,,,OK
93,2024-10-22,Andrea,,No,No,1vs1vs1,,,OK
93,2024-10-22,Pietro,39,Si,No,1vs1vs1,,,OK
93,2024-10-22,Pol,,No,No,1vs1vs1,,,OK
93,2024-10-22,Sam,54,Si,Si,1vs1vs1,,,OK
93,2024-10-22,Tommy,27,Si,No,1vs1vs1,,,OK
94,2024-10-22,Andrea,,No,No,1vs1vs1,,,OK
94,2024-10-22,Pietro,47,Si,No,1vs1vs1,,,OK
94,2024-10-22,Pol,,No,No,1vs1vs1,,,OK
94,2024-10-22,Sam,24,Si,No,1vs1vs1,,,OK
94,2024-10-22,Tommy,49,Si,Si,1vs1vs1,,,OK
95,2024-10-29,Andrea,27,Si,No,1vs1vs1,,,OK
95,2024-10-29,Pietro,72,Si,Si,1vs1vs1,,,OK
95,2024-10-29,Pol,,No,No,1vs1vs1,,,OK
95,2024-10-29,Sam,21,Si,No,1vs1vs1,,,OK
95,2024-10-29,Tommy,,No,No,1vs1vs1,,,OK
96,2024-10-29,Andrea,30,Si,No,1vs1vs1,,,OK
96,2024-10-29,Pietro,13,Si,No,1vs1vs1,,,OK
96,2024-10-29,Pol,,No,No,1vs1vs1,,,OK
96,2024-10-29,Sam,77,Si,Si,1vs1vs1,,,OK
96,2024-10-29,Tommy,,No,No,1vs1vs1,,,OK
97,2024-10-29,Andrea,37,Si,No,1vs1vs1,,,OK
97,2024-10-29,Pietro,54,Si,Si,1vs1vs1,,,OK
97,2024-10-29,Pol,,No,No,1vs1vs1,,,OK
97,2024-10-29,Sam,29,Si,No,1vs1vs1,,,OK
97,2024-10-29,Tommy,,No,No,1vs1vs1,,,OK
98,2024-10-29,Andrea,44,Si,No,1vs1vs1,,,OK
98,2024-10-29,Pietro,76,Si,Si,1vs1vs1,,,OK
98,2024-10-29,Pol,,No,No,1vs1vs1,,,OK
98,2024-10-29,Sam,0,Si,No,1vs1vs1,,,OK
98,2024-10-29,Tommy,,No,No,1vs1vs1,,,OK
99,2024-10-29,Andrea,39,Si,No,1vs1vs1,,,OK
99,2024-10-29,Pietro,26,Si,No,1vs1vs1,,,OK
99,2024-10-29,Pol,,No,No,1vs1vs1,,,OK
99,2024-10-29,Sam,55,Si,Si,1vs1vs1,,,OK
99,2024-10-29,Tommy,,No,No,1vs1vs1,,,OK
100,2024-10-29,Andrea,12,Si,No,1vs1vs1,,,OK
100,2024-10-29,Pietro,50,Si,No,1vs1vs1,,,OK
100,2024-10-29,Pol,,No,No,1vs1vs1,,,OK
100,2024-10-29,Sam,58,Si,Si,1vs1vs1,,,OK
100,2024-10-29,Tommy,,No,No,1vs1vs1,,,OK
101,2024-10-29,Andrea,39,Si,No,1vs1vs1,,,OK
101,2024-10-29,Pietro,40,Si,No,1vs1vs1,,,OK
101,2024-10-29,Pol,,No,No,1vs1vs1,,,OK
101,2024-10-29,Sam,41,Si,Si,1vs1vs1,,,OK
101,2024-10-29,Tommy,,No,No,1vs1vs1,,,OK
102,2024-10-29,Andrea,23,Si,No,1vs1vs1,,,OK
102,2024-10-29,Pietro,65,Si,Si,1vs1vs1,,,OK
102,2024-10-29,Pol,,No,No,1vs1vs1,,,OK
102,2024-10-29,Sam,32,Si,No,1vs1vs1,,,OK
102,2024-10-29,Tommy,,No,No,1vs1vs1,,,OK
103,2024-10-29,Andrea,52,Si,Si,1vs1vs1,,,OK
103,2024-10-29,Pietro,29,Si,No,1vs1vs1,,,OK
103,2024-10-29,Pol,,No,No,1vs1vs1,,,OK
103,2024-10-29,Sam,39,Si,No,1vs1vs1,,,OK
103,2024-10-29,Tommy,,No,No,1vs1vs1,,,OK
104,2024-11-08,Andrea,54,Si,Si,1vs1vs1,,,OK
104,2024-11-08,Pietro,,No,No,1vs1vs1,,,OK
104,2024-11-08,Pol,,No,No,1vs1vs1,,,OK
104,2024-11-08,Sam,34,Si,No,1vs1vs1,,,OK
104,2024-11-08,Tommy,32,Si,No,1vs1vs1,,,OK
105,2024-11-08,Andrea,46,Si,No,1vs1vs1,,,OK
105,2024-11-08,Pietro,,No,No,1vs1vs1,,,OK
105,2024-11-08,Pol,,No,No,1vs1vs1,,,OK
105,2024-11-08,Sam,66,Si,Si,1vs1vs1,,,OK
105,2024-11-08,Tommy,8,Si,No,1vs1vs1,,,OK
106,2024-11-08,Andrea,38,Si,No,1vs1vs1,,,OK
106,2024-11-08,Pietro,,No,No,1vs1vs1,,,OK
106,2024-11-08,Pol,,No,No,1vs1vs1,,,OK
106,2024-11-08,Sam,56,Si,Si,1vs1vs1,,,OK
106,2024-11-08,Tommy,26,Si,No,1vs1vs1,,,OK
107,2024-11-08,Andrea,40,Si,No,1vs1vs1,,,OK
107,2024-11-08,Pietro,,No,No,1vs1vs1,,,OK
107,2024-11-08,Pol,,No,No,1vs1vs1,,,OK
107,2024-11-08,Sam,48,Si,Si,1vs1vs1,,,OK
107,2024-11-08,Tommy,32,Si,No,1vs1vs1,,,OK
108,2024-11-08,Andrea,44,Si,No,1vs1vs1,,,OK
108,2024-11-08,Pietro,,No,No,1vs1vs1,,,OK
108,2024-11-08,Pol,,No,No,1vs1vs1,,,OK
108,2024-11-08,Sam,24,Si,No,1vs1vs1,,,OK
108,2024-11-08,Tommy,52,Si,Si,1vs1vs1,,,OK
109,2024-11-08,Andrea,13,Si,No,1vs1vs1,,,OK
109,2024-11-08,Pietro,,No,No,1vs1vs1,,,OK
109,2024-11-08,Pol,,No,No,1vs1vs1,,,OK
109,2024-11-08,Sam,54,Si,Si,1vs1vs1,,,OK
109,2024-11-08,Tommy,53,Si,No,1vs1vs1,,,OK
110,2024-11-08,Andrea,56,Si,Si,1vs1vs1,,,OK
110,2024-11-08,Pietro,,No,No,1vs1vs1,,,OK
110,2024-11-08,Pol,,No,No,1vs1vs1,,,OK
110,2024-11-08,Sam,34,Si,No,1vs1vs1,,,OK
110,2024-11-08,Tommy,30,Si,No,1vs1vs1,,,OK
111,2024-11-08,Andrea,29,Si,No,1vs1vs1,,,OK
111,2024-11-08,Pietro,,No,No,1vs1vs1,,,OK
111,2024-11-08,Pol,,No,No,1vs1vs1,,,OK
111,2024-11-08,Sam,30,Si,No,1vs1vs1,,,OK
111,2024-11-08,Tommy,61,Si,Si,1vs1vs1,,,OK
112,2024-11-08,Andrea,32,Si,No,1vs1vs1,,,OK
112,2024-11-08,Pietro,,No,No,1vs1vs1,,,OK
112,2024-11-08,Pol,,No,No,1vs1vs1,,,OK
112,2024-11-08,Sam,74,Si,Si,1vs1vs1,,,OK
112,2024-11-08,Tommy,14,Si,No,1vs1vs1,,,OK
113,2024-11-12,Andrea,37,Si,No,1vs1,,,OK
113,2024-11-12,Pietro,83,Si,Si,1vs1,,,OK
113,2024-11-12,Pol,,No,No,1vs1,,,OK
113,2024-11-12,Sam,,No,No,1vs1,,,OK
113,2024-11-12,Tommy,,No,No,1vs1,,,OK
114,2024-11-12,Andrea,82,Si,Si,1vs1,,,OK
114,2024-11-12,Pietro,38,Si,No,1vs1,,,OK
114,2024-11-12,Pol,,No,No,1vs1,,,OK
114,2024-11-12,Sam,,No,No,1vs1,,,OK
114,2024-11-12,Tommy,,No,No,1vs1,,,OK
115,2024-11-12,Andrea,52,Si,No,1vs1,,,OK
115,2024-11-12,Pietro,68,Si,Si,1vs1,,,OK
115,2024-11-12,Pol,,No,No,1vs1,,,OK
115,2024-11-12,Sam,,No,No,1vs1,,,OK
115,2024-11-12,Tommy,,No,No,1vs1,,,OK
116,2024-11-12,Andrea,64,Si,Si,1vs1,,,OK
116,2024-11-12,Pietro,56,Si,No,1vs1,,,OK
116,2024-11-12,Pol,,No,No,1vs1,,,OK
116,2024-11-12,Sam,,No,No,1vs1,,,OK
116,2024-11-12,Tommy,,No,No,1vs1,,,OK
117,2024-11-12,Andrea,48,Si,No,1vs1,,,OK
117,2024-11-12,Pietro,72,Si,Si,1vs1,,,OK
117,2024-11-12,Pol,,No,No,1vs1,,,OK
117,2024-11-12,Sam,,No,No,1vs1,,,OK
117,2024-11-12,Tommy,,No,No,1vs1,,,OK
118,2024-11-12,Andrea,50,Si,No,1vs1,,,OK
118,2024-11-12,Pietro,70,Si,Si,1vs1,,,OK
118,2024-11-12,Pol,,No,No,1vs1,,,OK
118,2024-11-12,Sam,,No,No,1vs1,,,OK
118,2024-11-12,Tommy,,No,No,1vs1,,,OK
119,2024-11-12,Andrea,67,Si,Si,1vs1,,,OK
119,2024-11-12,Pietro,53,Si,No,1vs1,,,OK
119,2024-11-12,Pol,,No,No,1vs1,,,OK
119,2024-11-12,Sam,,No,No,1vs1,,,OK
119,2024-11-12,Tommy,,No,No,1vs1,,,OK
120,2024-11-12,Andrea,55,Si,No,1vs1,,,OK
120,2024-11-12,Pietro,65,Si,Si,1vs1,,,OK
120,2024-11-12,Pol,,No,No,1vs1,,,OK
120,2024-11-12,Sam,,No,No,1vs1,,,OK
120,2024-11-12,Tommy,,No,No,1vs1,,,OK
121,2024-11-12,Andrea,38,Si,No,1vs1,,,OK
121,2024-11-12,Pietro,82,Si,Si,1vs1,,,OK
121,2024-11-12,Pol,,No,No,1vs1,,,OK
121,2024-11-12,Sam,,No,No,1vs1,,,OK
121,2024-11-12,Tommy,,No,No,1vs1,,,OK
122,2024-11-12,Andrea,74,Si,Si,1vs1,,,OK
122,2024-11-12,Pietro,46,Si,No,1vs1,,,OK
122,2024-11-12,Pol,,No,No,1vs1,,,OK
122,2024-11-12,Sam,,No,No,1vs1,,,OK
122,2024-11-12,Tommy,,No,No,1vs1,,,OK
123,2024-11-14,Andrea,34,Si,No,1vs1vs1,,,OK
123,2024-11-14,Pietro,35,Si,No,1vs1vs1,,,OK
123,2024-11-14,Pol,,No,No,1vs1vs1,,,OK
123,2024-11-14,Sam,,No,No,1vs1vs1,,,OK
123,2024-11-14,Tommy,51,Si,Si,1vs1vs1,,,OK
124,2024-11-14,Andrea,52,Si,No,1vs1vs1,,,OK
124,2024-11-14,Pietro,56,Si,Si,1vs1vs1,,,OK
124,2024-11-14,Pol,,No,No,1vs1vs1,,,OK
124,2024-11-14,Sam,,No,No,1vs1vs1,,,OK
124,2024-11-14,Tommy,12,Si,No,1vs1vs1,,,OK
125,2024-11-14,Andrea,25,Si,No,1vs1vs1,,,OK
125,2024-11-14,Pietro,63,Si,Si,1vs1vs1,,,OK
125,2024-11-14,Pol,,No,No,1vs1vs1,,,OK
125,2024-11-14,Sam,,No,No,1vs1vs1,,,OK
125,2024-11-14,Tommy,32,Si,No,1vs1vs1,,,OK
126,2024-11-14,Andrea,25,Si,No,1vs1vs1,,,OK
126,2024-11-14,Pietro,72,Si,Si,1vs1vs1,,,OK
126,2024-11-14,Pol,,No,No,1vs1vs1,,,OK
126,2024-11-14,Sam,,No,No,1vs1vs1,,,OK
126,2024-11-14,Tommy,23,Si,No,1vs1vs1,,,OK
127,2024-11-14,Andrea,67,Si,Si,1vs1vs1,,,OK
127,2024-11-14,Pietro,28,Si,No,1vs1vs1,,,OK
127,2024-11-14,Pol,,No,No,1vs1vs1,,,OK
127,2024-11-14,Sam,,No,No,1vs1vs1,,,OK
127,2024-11-14,Tommy,25,Si,No,1vs1vs1,,,OK
128,2024-11-14,Andrea,15,Si,No,1vs1vs1,,,OK
128,2024-11-14,Pietro,50,Si,No,1vs1vs1,,,OK
128,2024-11-14,Pol,,No,No,1vs1vs1,,,OK
128,2024-11-14,Sam,,No,No,1vs1vs1,,,OK
128,2024-11-14,Tommy,55,Si,Si,1vs1vs1,,,OK
129,2024-11-14,Andrea,15,Si,No,1vs1vs1,,,OK
129,2024-11-14,Pietro,74,Si,Si,1vs1vs1,,,OK
129,2024-11-14,Pol,,No,No,1vs1vs1,,,OK
129,2024-11-14,Sam,,No,No,1vs1vs1,,,OK
129,2024-11-14,Tommy,31,Si,No,1vs1vs1,,,OK
130,2024-11-19,Andrea,19,Si,No,2vs2,Sam,,OK
130,2024-11-19,Pietro,101,Si,Si,2vs2,Tommy,,OK
130,2024-11-19,Pol,,No,No,2vs2,,,OK
130,2024-11-19,Sam,19,Si,No,2vs2,Andrea,,OK
130,2024-11-19,Tommy,101,Si,Si,2vs2,Pietro,,OK
131,2024-11-19,Andrea,110,Si,Si,2vs2,Tommy,,OK
131,2024-11-19,Pietro,10,Si,No,2vs2,Sam,,OK
131,2024-11-19,Pol,,No,No,2vs2,,,OK
131,2024-11-19,Sam,10,Si,No,2vs2,Pietro,,OK
131,2024-11-19,Tommy,110,Si,Si,2vs2,Andrea,,OK
132,2024-11-19,Andrea,42,Si,No,2vs2,Tommy,,OK
132,2024-11-19,Pietro,78,Si,Si,2vs2,Sam,,OK
132,2024-11-19,Pol,,No,No,2vs2,,,OK
132,2024-11-19,Sam,78,Si,Si,2vs2,Pietro,,OK
132,2024-11-19,Tommy,42,Si,No,2vs2,Andrea,,OK
133,2024-11-19,Andrea,53,Si,No,2vs2,Tommy,,OK
133,2024-11-19,Pietro,67,Si,Si,2vs2,Sam,,OK
133,2024-11-19,Pol,,No,No,2vs2,,,OK
133,2024-11-19,Sam,67,Si,Si,2vs2,Pietro,,OK
133,2024-11-19,Tommy,53,Si,No,2vs2,Andrea,,OK
134,2024-11-19,Andrea,32,Si,No,2vs2,Tommy,,OK
134,2024-11-19,Pietro,88,Si,Si,2vs2,Sam,,OK
134,2024-11-19,Pol,,No,No,2vs2,,,OK
134,2024-11-19,Sam,88,Si,Si,2vs2,Pietro,,OK
134,2024-11-19,Tommy,32,Si,No,2vs2,Andrea,,OK
135,2024-11-19,Andrea,69,Si,Si,2vs2,Tommy,,OK
135,2024-11-19,Pietro,51,Si,No,2vs2,Sam,,OK
135,2024-11-19,Pol,,No,No,2vs2,,,OK
135,2024-11-19,Sam,51,Si,No,2vs2,Pietro,,OK
135,2024-11-19,Tommy,69,Si,Si,2vs2,Andrea,,OK
136,2024-11-19,Andrea,84,Si,Si,2vs2,Tommy,,OK
136,2024-11-19,Pietro,36,Si,No,2vs2,Sam,,OK
136,2024-11-19,Pol,,No,No,2vs2,,,OK
136,2024-11-19,Sam,36,Si,No,2vs2,Pietro,,OK
136,2024-11-19,Tommy,84,Si,Si,2vs2,Andrea,,OK
137,2024-11-19,Andrea,66,Si,Si,2vs2,Tommy,,OK
137,2024-11-19,Pietro,54,Si,No,2vs2,Sam,,OK
137,2024-11-19,Pol,,No,No,2vs2,,,OK
137,2024-11-19,Sam,54,Si,No,2vs2,Pietro,,OK
137,2024-11-19,Tommy,66,Si,Si,2vs2,Andrea,,OK
138,2024-11-19,Andrea,62,Si,Si,2vs2,Tommy,,OK
138,2024-11-19,Pietro,58,Si,No,2vs2,Sam,,OK
138,2024-11-19,Pol,,No,No,2vs2,,,OK
138,2024-11-19,Sam,58,Si,No,2vs2,Pietro,,OK
138,2024-11-19,Tommy,62,Si,Si,2vs2,Andrea,,OK
139,2024-11-19,Andrea,85,Si,Si,2vs2,Tommy,,OK
139,2024-11-19,Pietro,35,Si,No,2vs2,Sam,,OK
139,2024-11-19,Pol,,No,No,2vs2,,,OK
139,2024-11-19,Sam,35,Si,No,2vs2,Pietro,,OK
139,2024-11-19,Tommy,85,Si,Si,2vs2,Andrea,,OK
140,2024-11-19,Andrea,69,Si,Si,2vs2,Tommy,,OK
140,2024-11-19,Pietro,51,Si,No,2vs2,Sam,,OK
140,2024-11-19,Pol,,No,No,2vs2,,,OK
140,2024-11-19,Sam,51,Si,No,2vs2,Pietro,,OK
140,2024-11-19,Tommy,69,Si,Si,2vs2,Andrea,,OK
141,2024-11-26,Andrea,39,Si,No,1vs1vs1,,,OK
141,2024-11-26,Pietro,44,Si,Si,1vs1vs1,,,OK
141,2024-11-26,Pol,,No,No,1vs1vs1,,,OK
141,2024-11-26,Sam,,No,No,1vs1vs1,,,OK
141,2024-11-26,Tommy,37,Si,No,1vs1vs1,,,OK
142,2024-11-26,Andrea,35,Si,No,1vs1vs1,,,OK
142,2024-11-26,Pietro,74,Si,Si,1vs1vs1,,,OK
142,2024-11-26,Pol,,No,No,1vs1vs1,,,OK
142,2024-11-26,Sam,,No,No,1vs1vs1,,,OK
142,2024-11-26,Tommy,11,Si,No,1vs1vs1,,,OK
143,2024-11-26,Andrea,38,Si,No,1vs1vs1,,,OK
143,2024-11-26,Pietro,55,Si,Si,1vs1vs1,,,OK
143,2024-11-26,Pol,,No,No,1vs1vs1,,,OK
143,2024-11-26,Sam,,No,No,1vs1vs1,,,OK
143,2024-11-26,Tommy,27,Si,No,1vs1vs1,,,OK
144,2024-11-26,Andrea,62,Si,Si,1vs1vs1,,,OK
144,2024-11-26,Pietro,31,Si,No,1vs1vs1,,,OK
144,2024-11-26,Pol,,No,No,1vs1vs1,,,OK
144,2024-11-26,Sam,,No,No,1vs1vs1,,,OK
144,2024-11-26,Tommy,27,Si,No,1vs1vs1,,,OK
145,2024-11-26,Andrea,40,Si,Si,1vs1vs1,,,OK
145,2024-11-26,Pietro,40,Si,Si,1vs1vs1,,,OK
145,2024-11-26,Pol,,No,No,1vs1vs1,,,OK
145,2024-11-26,Sam,,No,No,1vs1vs1,,,OK
145,2024-11-26,Tommy,40,Si,Si,1vs1vs1,,,OK
146,2024-11-26,Andrea,36,Si,No,1vs1vs1,,,OK
146,2024-11-26,Pietro,62,Si,Si,1vs1vs1,,,OK
146,2024-11-26,Pol,,No,No,1vs1vs1,,,OK
146,2024-11-26,Sam,,No,No,1vs1vs1,,,OK
146,2024-11-26,Tommy,22,Si,No,1vs1vs1,,,OK
147,2024-11-26,Andrea,13,Si,No,1vs1vs1,,,OK
147,2024-11-26,Pietro,51,Si,No,1vs1vs1,,,OK
147,2024-11-26,Pol,,No,No,1vs1vs1,,,OK
147,2024-11-26,Sam,,No,No,1vs1vs1,,,OK
147,2024-11-26,Tommy,56,Si,Si,1vs1vs1,,,OK
148,2024-11-26,Andrea,52,Si,Si,1vs1vs1,,,OK
148,2024-11-26,Pietro,51,Si,No,1vs1vs1,,,OK
148,2024-11-26,Pol,,No,No,1vs1vs1,,,OK
148,2024-11-26,Sam,,No,No,1vs1vs1,,,OK
148,2024-11-26,Tommy,17,Si,No,1vs1vs1,,,OK
149,2024-11-26,Andrea,44,Si,No,1vs1vs1,,,OK
149,2024-11-26,Pietro,48,Si,Si,1vs1vs1,,,OK
149,2024-11-26,Pol,,No,No,1vs1vs1,,,OK
149,2024-11-26,Sam,,No,No,1vs1vs1,,,OK
149,2024-11-26,Tommy,28,Si,No,1vs1vs1,,,OK
150,2024-11-26,Andrea,62,Si,Si,1vs1vs1,,,OK
150,2024-11-26,Pietro,12,Si,No,1vs1vs1,,,OK
150,2024-11-26,Pol,,No,No,1vs1vs1,,,OK
150,2024-11-26,Sam,,No,No,1vs1vs1,,,OK
150,2024-11-26,Tommy,46,Si,No,1vs1vs1,,,OK
151,2024-11-26,Andrea,43,Si,No,1vs1vs1,,,OK
151,2024-11-26,Pietro,57,Si,Si,1vs1vs1,,,OK
151,2024-11-26,Pol,,No,No,1vs1vs1,,,OK
151,2024-11-26,Sam,,No,No,1vs1vs1,,,OK
151,2024-11-26,Tommy,20,Si,No,1vs1vs1,,,OK
152,2024-11-26,Andrea,11,Si,No,1vs1vs1,,,OK
152,2024-11-26,Pietro,77,Si,Si,1vs1vs1,,,OK
152,2024-11-26,Pol,,No,No,1vs1vs1,,,OK
152,2024-11-26,Sam,,No,No,1vs1vs1,,,OK
152,2024-11-26,Tommy,32,Si,No,1vs1vs1,,,OK
153,2024-12-04,Andrea,,No,No,1vs1vs1,,,OK
153,2024-12-04,Pietro,49,Si,No,1vs1vs1,,,OK
153,2024-12-04,Pol,,No,No,1vs1vs1,,,OK
153,2024-12-04,Sam,51,Si,Si,1vs1vs1,,,OK
153,2024-12-04,Tommy,20,Si,No,1vs1vs1,,,OK
154,2024-12-04,Andrea,,No,No,1vs1vs1,,,OK
154,2024-12-04,Pietro,41,Si,No,1vs1vs1,,,OK
154,2024-12-04,Pol,,No,No,1vs1vs1,,,OK
154,2024-12-04,Sam,79,Si,Si,1vs1vs1,,,OK
154,2024-12-04,Tommy,0,Si,No,1vs1vs1,,,OK
155,2024-12-04,Andrea,,No,No,1vs1vs1,,,OK
155,2024-12-04,Pietro,33,Si,No,1vs1vs1,,,OK
155,2024-12-04,Pol,,No,No,1vs1vs1,,,OK
155,2024-12-04,Sam,54,Si,Si,1vs1vs1,,,OK
155,2024-12-04,Tommy,33,Si,No,1vs1vs1,,,OK
156,2024-12-04,Andrea,,No,No,1vs1vs1,,,OK
156,2024-12-04,Pietro,17,Si,No,1vs1vs1,,,OK
156,2024-12-04,Pol,,No,No,1vs1vs1,,,OK
156,2024-12-04,Sam,68,Si,Si,1vs1vs1,,,OK
156,2024-12-04,Tommy,35,Si,No,1vs1vs1,,,OK
157,2024-12-04,Andrea,,No,No,1vs1vs1,,,OK
157,2024-12-04,Pietro,39,Si,No,1vs1vs1,,,OK
157,2024-12-04,Pol,,No,No,1vs1vs1,,,OK
157,2024-12-04,Sam,13,Si,No,1vs1vs1,,,OK
157,2024-12-04,Tommy,68,Si,Si,1vs1vs1,,,OK
158,2024-12-04,Andrea,,No,No,1vs1vs1,,,OK
158,2024-12-04,Pietro,93,Si,Si,1vs1vs1,,,OK
158,2024-12-04,Pol,,No,No,1vs1vs1,,,OK
158,2024-12-04,Sam,9,Si,No,1vs1vs1,,,OK
158,2024-12-04,Tommy,18,Si,No,1vs1vs1,,,OK
159,2024-12-04,Andrea,,No,No,1vs1vs1,,,OK
159,2024-12-04,Pietro,55,Si,Si,1vs1vs1,,,OK
159,2024-12-04,Pol,,No,No,1vs1vs1,,,OK
159,2024-12-04,Sam,30,Si,No,1vs1vs1,,,OK
159,2024-12-04,Tommy,35,Si,No,1vs1vs1,,,OK
160,2024-12-04,Andrea,,No,No,1vs1vs1,,,OK
160,2024-12-04,Pietro,53,Si,Si,1vs1vs1,,,OK
160,2024-12-04,Pol,,No,No,1vs1vs1,,,OK
160,2024-12-04,Sam,25,Si,No,1vs1vs1,,,OK
160,2024-12-04,Tommy,42,Si,No,1vs1vs1,,,OK
161,2025-02-24,Andrea,52,Si,No,2vs2,Pietro,,OK
161,2025-02-24,Pietro,52,Si,No,2vs2,Andrea,,OK
161,2025-02-24,Pol,,No,No,2vs2,,,OK
161,2025-02-24,Sam,68,Si,Si,2vs2,Tommy,,OK
161,2025-02-24,Tommy,68,Si,Si,2vs2,Sam,,OK
162,2025-02-26,Andrea,42,Si,No,1vs1vs1,,,OK
162,2025-02-26,Pietro,,No,No,1vs1vs1,,,OK
162,2025-02-26,Pol,,No,No,1vs1vs1,,,OK
162,2025-02-26,Sam,35,Si,No,1vs1vs1,,,OK
162,2025-02-26,Tommy,43,Si,Si,1vs1vs1,,,OK
163,2025-02-26,Andrea,24,Si,No,1vs1vs1,,,OK
163,2025-02-26,Pietro,,No,No,1vs1vs1,,,OK
163,2025-02-26,Pol,,No,No,1vs1vs1,,,OK
163,2025-02-26,Sam,58,Si,Si,1vs1vs1,,,OK
163,2025-02-26,Tommy,38,Si,No,1vs1vs1,,,OK
164,2025-02-26,Andrea,29,Si,No,1vs1vs1,,,OK
164,2025-02-26,Pietro,,No,No,1vs1vs1,,,OK
164,2025-02-26,Pol,,No,No,1vs1vs1,,,OK
164,2025-02-26,Sam,46,Si,Si,1vs1vs1,,,OK
164,2025-02-26,Tommy,45,Si,No,1vs1vs1,,,OK
165,2025-02-26,Andrea,88,Si,Si,2vs2,Pietro,,OK
165,2025-02-26,Pietro,88,Si,Si,2vs2,Andrea,,OK
165,2025-02-26,Pol,,No,No,2vs2,,,OK
165,2025-02-26,Sam,32,Si,No,2vs2,Tommy,,OK
165,2025-02-26,Tommy,32,Si,No,2vs2,Sam,,OK
166,2025-02-26,Andrea,65,Si,Si,2vs2,Pietro,,OK
166,2025-02-26,Pietro,65,Si,Si,2vs2,Andrea,,OK
166,2025-02-26,Pol,,No,No,2vs2,,,OK
166,2025-02-26,Sam,55,Si,No,2vs2,Tommy,,OK
166,2025-02-26,Tommy,55,Si,No,2vs2,Sam,,OK
167,2025-02-26,Andrea,84,Si,Si,2vs2,Pietro,,OK
167,2025-02-26,Pietro,84,Si,Si,2vs2,Andrea,,OK
167,2025-02-26,Pol,,No,No,2vs2,,,OK
167,2025-02-26,Sam,36,Si,No,2vs2,Tommy,,OK
167,2025-02-26,Tommy,36,Si,No,2vs2,Sam,,OK
168,2025-02-26,Andrea,76,Si,Si,2vs2,Pietro,,OK
168,2025-02-26,Pietro,76,Si,Si,2vs2,Andrea,,OK
168,2025-02-26,Pol,,No,No,2vs2,,,OK
168,2025-02-26,Sam,44,Si,No,2vs2,Tommy,,OK
168,2025-02-26,Tommy,44,Si,No,2vs2,Sam,,OK
169,2025-02-26,Andrea,45,Si,Si,1vs1vs1,,,OK
169,2025-02-26,Pietro,40,Si,No,1vs1vs1,,,OK
169,2025-02-26,Pol,,No,No,1vs1vs1,,,OK
169,2025-02-26,Sam,,No,No,1vs1vs1,,,OK
169,2025-02-26,Tommy,35,Si,No,1vs1vs1,,,OK
170,2025-02-26,Andrea,31,Si,No,1vs1vs1,,,OK
170,2025-02-26,Pietro,36,Si,No,1vs1vs1,,,OK
170,2025-02-26,Pol,,No,No,1vs1vs1,,,OK
170,2025-02-26,Sam,,No,No,1vs1vs1,,,OK
170,2025-02-26,Tommy,53,Si,Si,1vs1vs1,,,OK
171,2025-02-26,Andrea,30,Si,No,1vs1vs1,,,OK
171,2025-02-26,Pietro,43,Si,No,1vs1vs1,,,OK
171,2025-02-26,Pol,,No,No,1vs1vs1,,,OK
171,2025-02-26,Sam,,No,No,1vs1vs1,,,OK
171,2025-02-26,Tommy,47,Si,Si,1vs1vs1,,,OK
172,2025-02-26,Andrea,34,Si,No,1vs1vs1,,,OK
172,2025-02-26,Pietro,59,Si,Si,1vs1vs1,,,OK
172,2025-02-26,Pol,,No,No,1vs1vs1,,,OK
172,2025-02-26,Sam,,No,No,1vs1vs1,,,OK
172,2025-02-26,Tommy,27,Si,No,1vs1vs1,,,OK
173,2025-02-26,Andrea,26,Si,No,1vs1vs1,,,OK
173,2025-02-26,Pietro,39,Si,No,1vs1vs1,,,OK
173,2025-02-26,Pol,,No,No,1vs1vs1,,,OK
173,2025-02-26,Sam,,No,No,1vs1vs1,,,OK
173,2025-02-26,Tommy,55,Si,Si,1vs1vs1,,,OK
174,2025-02-26,Andrea,47,Si,No,1vs1vs1,,,OK
174,2025-02-26,Pietro,13,Si,No,1vs1vs1,,,OK
174,2025-02-26,Pol,,No,No,1vs1vs1,,,OK
174,2025-02-26,Sam,,No,No,1vs1vs1,,,OK
174,2025-02-26,Tommy,60,Si,Si,1vs1vs1,,,OK
175,2025-02-26,Andrea,45,Si,Si,1vs1vs1,,,OK
175,2025-02-26,Pietro,36,Si,No,1vs1vs1,,,OK
175,2025-02-26,Pol,,No,No,1vs1vs1,,,OK
175,2025-02-26,Sam,,No,No,1vs1vs1,,,OK
175,2025-02-26,Tommy,39,Si,No,1vs1vs1,,,OK
176,2025-02-26,Andrea,34,Si,No,1vs1vs1,,,OK
176,2025-02-26,Pietro,47,Si,Si,1vs1vs1,,,OK
176,2025-02-26,Pol,,No,No,1vs1vs1,,,OK
176,2025-02-26,Sam,,No,No,1vs1vs1,,,OK
176,2025-02-26,Tommy,39,Si,No,1vs1vs1,,,OK
177,2025-02-26,Andrea,41,Si,No,1vs1vs1,,,OK
177,2025-02-26,Pietro,49,Si,Si,1vs1vs1,,,OK
177,2025-02-26,Pol,,No,No,1vs1vs1,,,OK
177,2025-02-26,Sam,,No,No,1vs1vs1,,,OK
177,2025-02-26,Tommy,30,Si,No,1vs1vs1,,,OK
178,2025-02-27,Andrea,,No,No,1vs1vs1,,,OK
178,2025-02-27,Pietro,64,Si,Si,1vs1vs1,,,OK
178,2025-02-27,Pol,,No,No,1vs1vs1,,,OK
178,2025-02-27,Sam,21,Si,No,1vs1vs1,,,OK
178,2025-02-27,Tommy,35,Si,No,1vs1vs1,,,OK
179,2025-02-27,Andrea,,No,No,1vs1vs1,,,OK
179,2025-02-27,Pietro,17,Si,No,1vs1vs1,,,OK
179,2025-02-27,Pol,,No,No,1vs1vs1,,,OK
179,2025-02-27,Sam,59,Si,Si,1vs1vs1,,,OK
179,2025-02-27,Tommy,44,Si,No,1vs1vs1,,,OK
180,2025-02-27,Andrea,,No,No,1vs1vs1,,,OK
180,2025-02-27,Pietro,52,Si,No,1vs1vs1,,,OK
180,2025-02-27,Pol,,No,No,1vs1vs1,,,OK
180,2025-02-27,Sam,61,Si,Si,1vs1vs1,,,OK
180,2025-02-27,Tommy,7,Si,No,1vs1vs1,,,OK
181,2025-02-27,Andrea,,No,No,1vs1vs1,,,OK
181,2025-02-27,Pietro,54,Si,Si,1vs1vs1,,,OK
181,2025-02-27,Pol,,No,No,1vs1vs1,,,OK
181,2025-02-27,Sam,35,Si,No,1vs1vs1,,,OK
181,2025-02-27,Tommy,31,Si,No,1vs1vs1,,,OK
182,2025-02-27,Andrea,,No,No,1vs1vs1,,,OK
182,2025-02-27,Pietro,24,Si,No,1vs1vs1,,,OK
182,2025-02-27,Pol,,No,No,1vs1vs1,,,OK
182,2025-02-27,Sam,25,Si,No,1vs1vs1,,,OK
182,2025-02-27,Tommy,71,Si,Si,1vs1vs1,,,OK
183,2025-02-28,Andrea,61,Si,Si,1vs1vs1,,,OK
183,2025-02-28,Pietro,,No,No,1vs1vs1,,,OK
183,2025-02-28,Pol,,No,No,1vs1vs1,,,OK
183,2025-02-28,Sam,45,Si,No,1vs1vs1,,,OK
183,2025-02-28,Tommy,14,Si,No,1vs1vs1,,,OK
184,2025-02-28,Andrea,32,Si,No,1vs1vs1,,,OK
184,2025-02-28,Pietro,,No,No,1vs1vs1,,,OK
184,2025-02-28,Pol,,No,No,1vs1vs1,,,OK
184,2025-02-28,Sam,39,Si,No,1vs1vs1,,,OK
184,2025-02-28,Tommy,49,Si,Si,1vs1vs1,,,OK
185,2025-02-28,Andrea,30,Si,No,1vs1vs1,,,OK
185,2025-02-28,Pietro,,No,No,1vs1vs1,,,OK
185,2025-02-28,Pol,,No,No,1vs1vs1,,,OK
185,2025-02-28,Sam,33,Si,No,1vs1vs1,,,OK
185,2025-02-28,Tommy,57,Si,Si,1vs1vs1,,,OK
186,2025-02-28,Andrea,19,Si,No,1vs1vs1,,,OK
186,2025-02-28,Pietro,,No,No,1vs1vs1,,,OK
186,2025-02-28,Pol,,No,No,1vs1vs1,,,OK
186,2025-02-28,Sam,41,Si,No,1vs1vs1,,,OK
186,2025-02-28,Tommy,60,Si,Si,1vs1vs1,,,OK
187,2025-02-28,Andrea,70,Si,Si,1vs1vs1,,,OK
187,2025-02-28,Pietro,,No,No,1vs1vs1,,,OK
187,2025-02-28,Pol,,No,No,1vs1vs1,,,OK
187,2025-02-28,Sam,22,Si,No,1vs1vs1,,,OK
187,2025-02-28,Tommy,28,Si,No,1vs1vs1,,,OK
188,2025-02-28,Andrea,63,Si,Si,1vs1vs1,,,OK
188,2025-02-28,Pietro,,No,No,1vs1vs1,,,OK
188,2025-02-28,Pol,,No,No,1vs1vs1,,,OK
188,2025-02-28,Sam,6,Si,No,1vs1vs1,,,OK
188,2025-02-28,Tommy,51,Si,No,1vs1vs1,,,OK
189,2025-02-28,Andrea,36,Si,No,1vs1vs1,,,OK
189,2025-02-28,Pietro,,No,No,1vs1vs1,,,OK
189,2025-02-28,Pol,,No,No,1vs1vs1,,,OK
189,2025-02-28,Sam,47,Si,Si,1vs1vs1,,,OK
189,2025-02-28,Tommy,37,Si,No,1vs1vs1,,,OK
190,2025-02-28,Andrea,37,Si,No,1vs1vs1,,,OK
190,2025-02-28,Pietro,,No,No,1vs1vs1,,,OK
190,2025-02-28,Pol,,No,No,1vs1vs1,,,OK
190,2025-02-28,Sam,36,Si,No,1vs1vs1,,,OK
190,2025-02-28,Tommy,47,Si,Si,1vs1vs1,,,OK
191,2025-02-28,Andrea,33,Si,No,1vs1vs1,,,OK
191,2025-02-28,Pietro,,No,No,1vs1vs1,,,OK
191,2025-02-28,Pol,,No,No,1vs1vs1,,,OK
191,2025-02-28,Sam,36,Si,No,1vs1vs1,,,OK
191,2025-02-28,Tommy,51,Si,Si,1vs1vs1,,,OK
192,2025-03-03,Andrea,38,Si,No,1vs1vs1,,,OK
192,2025-03-03,Pietro,,No,No,1vs1vs1,,,OK
192,2025-03-03,Pol,,No,No,1vs1vs1,,,OK
192,2025-03-03,Sam,60,Si,Si,1vs1vs1,,,OK
192,2025-03-03,Tommy,22,Si,No,1vs1vs1,,,OK
193,2025-03-03,Andrea,53,Si,Si,1vs1vs1,,,OK
193,2025-03-03,Pietro,,No,No,1vs1vs1,,,OK
193,2025-03-03,Pol,,No,No,1vs1vs1,,,OK
193,2025-03-03,Sam,45,Si,No,1vs1vs1,,,OK
193,2025-03-03,Tommy,22,Si,No,1vs1vs1,,,OK
194,2025-03-03,Andrea,55,Si,Si,1vs1vs1,,,OK
194,2025-03-03,Pietro,,No,No,1vs1vs1,,,OK
194,2025-03-03,Pol,,No,No,1vs1vs1,,,OK
194,2025-03-03,Sam,49,Si,No,1vs1vs1,,,OK
194,2025-03-03,Tommy,16,Si,No,1vs1vs1,,,OK
195,2025-03-03,Andrea,67,Si,Si,2vs2,Tommy,,OK
195,2025-03-03,Pietro,53,Si,No,2vs2,Sam,,OK
195,2025-03-03,Pol,,No,No,2vs2,,,OK
195,2025-03-03,Sam,53,Si,No,2vs2,Pietro,,OK
195,2025-03-03,Tommy,67,Si,Si,2vs2,Andrea,,OK
196,2025-03-03,Andrea,87,Si,Si,2vs2,Tommy,,OK
196,2025-03-03,Pietro,33,Si,No,2vs2,Sam,,OK
196,2025-03-03,Pol,,No,No,2vs2,,,OK
196,2025-03-03,Sam,33,Si,No,2vs2,Pietro,,OK
196,2025-03-03,Tommy,87,Si,Si,2vs2,Andrea,,OK
197,2025-03-03,Andrea,93,Si,Si,2vs2,Tommy,,OK
197,2025-03-03,Pietro,27,Si,No,2vs2,Sam,,OK
197,2025-03-03,Pol,,No,No,2vs2,,,OK
197,2025-03-03,Sam,27,Si,No,2vs2,Pietro,,OK
197,2025-03-03,Tommy,93,Si,Si,2vs2,Andrea,,OK
198,2025-03-03,Andrea,51,Si,No,2vs2,Tommy,,OK
198,2025-03-03,Pietro,69,Si,Si,2vs2,Sam,,OK
198,2025-03-03,Pol,,No,No,2vs2,,,OK
198,2025-03-03,Sam,69,Si,Si,2vs2,Pietro,,OK
198,2025-03-03,Tommy,51,Si,No,2vs2,Andrea,,OK
199,2025-03-03,Andrea,36,Si,No,2vs2,Sam,,OK
199,2025-03-03,Pietro,84,Si,Si,2vs2,Tommy,,OK
199,2025-03-03,Pol,,No,No,2vs2,,,OK
199,2025-03-03,Sam,36,Si,No,2vs2,Andrea,,OK
199,2025-03-03,Tommy,84,Si,Si,2vs2,Pietro,,OK
200,2025-03-05,Andrea,92,Si,Si,2vs2,Tommy,,OK
200,2025-03-05,Pietro,28,Si,No,2vs2,Sam,,OK
200,2025-03-05,Pol,,No,No,2vs2,,,OK
200,2025-03-05,Sam,28,Si,No,2vs2,Pietro,,OK
200,2025-03-05,Tommy,92,Si,Si,2vs2,Andrea,,OK
201,2025-03-05,Andrea,45,Si,No,2vs2,Tommy,,OK
201,2025-03-05,Pietro,75,Si,Si,2vs2,Sam,,OK
201,2025-03-05,Pol,,No,No,2vs2,,,OK
201,2025-03-05,Sam,75,Si,Si,2vs2,Pietro,,OK
201,2025-03-05,Tommy,45,Si,No,2vs2,Andrea,,OK
202,2025-03-05,Andrea,53,Si,No,2vs2,Tommy,,OK
202,2025-03-05,Pietro,67,Si,Si,2vs2,Sam,,OK
202,2025-03-05,Pol,,No,No,2vs2,,,OK
202,2025-03-05,Sam,67,Si,Si,2vs2,Pietro,,OK
202,2025-03-05,Tommy,53,Si,No,2vs2,Andrea,,OK
203,2025-03-05,Andrea,74,Si,Si,2vs2,Tommy,,OK
203,2025-03-05,Pietro,46,Si,No,2vs2,Sam,,OK
203,2025-03-05,Pol,,No,No,2vs2,,,OK
203,2025-03-05,Sam,46,Si,No,2vs2,Pietro,,OK
203,2025-03-05,Tommy,74,Si,Si,2vs2,Andrea,,OK
204,2025-03-05,Andrea,66,Si,Si,2vs2,Tommy,,OK
204,2025-03-05,Pietro,54,Si,No,2vs2,Sam,,OK
204,2025-03-05,Pol,,No,No,2vs2,,,OK
204,2025-03-05,Sam,54,Si,No,2vs2,Pietro,,OK
204,2025-03-05,Tommy,66,Si,Si,2vs2,Andrea,,OK
205,2025-03-05,Andrea,43,Si,No,2vs2,Sam,,OK
205,2025-03-05,Pietro,77,Si,Si,2vs2,Tommy,,OK
205,2025-03-05,Pol,,No,No,2vs2,,,OK
205,2025-03-05,Sam,43,Si,No,2vs2,Andrea,,OK
205,2025-03-05,Tommy,77,Si,Si,2vs2,Pietro,,OK
206,2025-03-05,Andrea,78,Si,Si,2vs2,Sam,,OK
206,2025-03-05,Pietro,42,Si,No,2vs2,Tommy,,OK
206,2025-03-05,Pol,,No,No,2vs2,,,OK
206,2025-03-05,Sam,78,Si,Si,2vs2,Andrea,,OK
206,2025-03-05,Tommy,42,Si,No,2vs2,Pietro,,OK
207,2025-03-05,Andrea,65,Si,Si,2vs2,Sam,,OK
207,2025-03-05,Pietro,55,Si,No,2vs2,Tommy,,OK
207,2025-03-05,Pol,,No,No,2vs2,,,OK
207,2025-03-05,Sam,65,Si,Si,2vs2,Andrea,,OK
207,2025-03-05,Tommy,55,Si,No,2vs2,Pietro,,OK
208,2025-03-05,Andrea,54,Si,No,2vs2,Sam,,OK
208,2025-03-05,Pietro,66,Si,Si,2vs2,Tommy,,OK
208,2025-03-05,Pol,,No,No,2vs2,,,OK
208,2025-03-05,Sam,54,Si,No,2vs2,Andrea,,OK
208,2025-03-05,Tommy,66,Si,Si,2vs2,Pietro,,OK
209,2025-03-05,Andrea,51,Si,No,2vs2,Sam,,OK
209,2025-03-05,Pietro,69,Si,Si,2vs2,Tommy,,OK
209,2025-03-05,Pol,,No,No,2vs2,,,OK
209,2025-03-05,Sam,51,Si,No,2vs2,Andrea,,OK
209,2025-03-05,Tommy,69,Si,Si,2vs2,Pietro,,OK
210,2025-03-05,Andrea,89,Si,Si,2vs2,Sam,,OK
210,2025-03-05,Pietro,31,Si,No,2vs2,Tommy,,OK
210,2025-03-05,Pol,,No,No,2vs2,,,OK
210,2025-03-05,Sam,89,Si,Si,2vs2,Andrea,,OK
210,2025-03-05,Tommy,31,Si,No,2vs2,Pietro,,OK
211,2025-03-05,Andrea,32,Si,No,2vs2,Sam,,OK
211,2025-03-05,Pietro,88,Si,Si,2vs2,Tommy,,OK
211,2025-03-05,Pol,,No,No,2vs2,,,OK
211,2025-03-05,Sam,32,Si,No,2vs2,Andrea,,OK
211,2025-03-05,Tommy,88,Si,Si,2vs2,Pietro,,OK
212,2025-03-05,Andrea,23,Si,No,2vs2,Sam,,OK
212,2025-03-05,Pietro,97,Si,Si,2vs2,Tommy,,OK
212,2025-03-05,Pol,,No,No,2vs2,,,OK
212,2025-03-05,Sam,23,Si,No,2vs2,Andrea,,OK
212,2025-03-05,Tommy,97,Si,Si,2vs2,Pietro,,OK
213,2025-03-05,Andrea,38,Si,No,2vs2,Sam,,OK
213,2025-03-05,Pietro,82,Si,Si,2vs2,Tommy,,OK
213,2025-03-05,Pol,,No,No,2vs2,,,OK
213,2025-03-05,Sam,38,Si,No,2vs2,Andrea,,OK
213,2025-03-05,Tommy,82,Si,Si,2vs2,Pietro,,OK
214,2025-03-06,Andrea,41,Si,No,2vs2,Pietro,,OK
214,2025-03-06,Pietro,41,Si,No,2vs2,Andrea,,OK
214,2025-03-06,Pol,,No,No,2vs2,,,OK
214,2025-03-06,Sam,79,Si,Si,2vs2,Tommy,,OK
214,2025-03-06,Tommy,79,Si,Si,2vs2,Sam,,OK
215,2025-03-06,Andrea,80,Si,Si,2vs2,Pietro,,OK
215,2025-03-06,Pietro,80,Si,Si,2vs2,Andrea,,OK
215,2025-03-06,Pol,,No,No,2vs2,,,OK
215,2025-03-06,Sam,40,Si,No,2vs2,Tommy,,OK
215,2025-03-06,Tommy,40,Si,No,2vs2,Sam,,OK
216,2025-03-06,Andrea,48,Si,No,2vs2,Pietro,,OK
216,2025-03-06,Pietro,48,Si,No,2vs2,Andrea,,OK
216,2025-03-06,Pol,,No,No,2vs2,,,OK
216,2025-03-06,Sam,72,Si,Si,2vs2,Tommy,,OK
216,2025-03-06,Tommy,72,Si,Si,2vs2,Sam,,OK
217,2025-03-06,Andrea,57,Si,No,2vs2,Pietro,,OK
217,2025-03-06,Pietro,57,Si,No,2vs2,Andrea,,OK
217,2025-03-06,Pol,,No,No,2vs2,,,OK
217,2025-03-06,Sam,63,Si,Si,2vs2,Tommy,,OK
217,2025-03-06,Tommy,63,Si,Si,2vs2,Sam,,OK
218,2025-03-06,Andrea,88,Si,Si,2vs2,Pietro,,OK
218,2025-03-06,Pietro,88,Si,Si,2vs2,Andrea,,OK
218,2025-03-06,Pol,,No,No,2vs2,,,OK
218,2025-03-06,Sam,32,Si,No,2vs2,Tommy,,OK
218,2025-03-06,Tommy,32,Si,No,2vs2,Sam,,OK
219,2025-03-06,Andrea,79,Si,Si,2vs2,Pietro,,OK
219,2025-03-06,Pietro,79,Si,Si,2vs2,Andrea,,OK
219,2025-03-06,Pol,,No,No,2vs2,,,OK
219,2025-03-06,Sam,41,Si,No,2vs2,Tommy,,OK
219,2025-03-06,Tommy,41,Si,No,2vs2,Sam,,OK
220,2025-03-06,Andrea,79,Si,Si,2vs2,Pietro,,OK
220,2025-03-06,Pietro,79,Si,Si,2vs2,Andrea,,OK
220,2025-03-06,Pol,,No,No,2vs2,,,OK
220,2025-03-06,Sam,41,Si,No,2vs2,Tommy,,OK
220,2025-03-06,Tommy,41,Si,No,2vs2,Sam,,OK
221,2025-03-06,Andrea,47,Si,No,2vs2,Pietro,,OK
221,2025-03-06,Pietro,47,Si,No,2vs2,Andrea,,OK
221,2025-03-06,Pol,,No,No,2vs2,,,OK
221,2025-03-06,Sam,73,Si,Si,2vs2,Tommy,,OK
221,2025-03-06,Tommy,73,Si,Si,2vs2,Sam,,OK
222,2025-03-12,Andrea,71,Si,Si,2vs2,Pietro,,OK
222,2025-03-12,Pietro,71,Si,Si,2vs2,Andrea,,OK
222,2025-03-12,Pol,,No,No,2vs2,,,OK
222,2025-03-12,Sam,49,Si,No,2vs2,Tommy,,OK
222,2025-03-12,Tommy,49,Si,No,2vs2,Sam,,OK
223,2025-03-12,Andrea,31,Si,No,2vs2,Pietro,,OK
223,2025-03-12,Pietro,31,Si,No,2vs2,Andrea,,OK
223,2025-03-12,Pol,,No,No,2vs2,,,OK
223,2025-03-12,Sam,89,Si,Si,2vs2,Tommy,,OK
223,2025-03-12,Tommy,89,Si,Si,2vs2,Sam,,OK
224,2025-03-12,Andrea,57,Si,No,2vs2,Pietro,,OK
224,2025-03-12,Pietro,57,Si,No,2vs2,Andrea,,OK
224,2025-03-12,Pol,,No,No,2vs2,,,OK
224,2025-03-12,Sam,63,Si,Si,2vs2,Tommy,,OK
224,2025-03-12,Tommy,63,Si,Si,2vs2,Sam,,OK
225,2025-03-12,Andrea,82,Si,Si,2vs2,Pietro,,OK
225,2025-03-12,Pietro,82,Si,Si,2vs2,Andrea,,OK
225,2025-03-12,Pol,,No,No,2vs2,,,OK
225,2025-03-12,Sam,38,Si,No,2vs2,Tommy,,OK
225,2025-03-12,Tommy,38,Si,No,2vs2,Sam,,OK
226,2025-03-12,Andrea,58,Si,No,2vs2,Pietro,,OK
226,2025-03-12,Pietro,58,Si,No,2vs2,Andrea,,OK
226,2025-03-12,Pol,,No,No,2vs2,,,OK
226,2025-03-12,Sam,62,Si,Si,2vs2,Tommy,,OK
226,2025-03-12,Tommy,62,Si,Si,2vs2,Sam,,OK
227,2025-03-12,Andrea,68,Si,Si,2vs2,Pietro,,OK
227,2025-03-12,Pietro,68,Si,Si,2vs2,Andrea,,OK
227,2025-03-12,Pol,,No,No,2vs2,,,OK
227,2025-03-12,Sam,52,Si,No,2vs2,Tommy,,OK
227,2025-03-12,Tommy,52,Si,No,2vs2,Sam,,OK
228,2025-03-13,Andrea,,No,No,1vs1,,,OK
228,2025-03-13,Pietro,50,Si,No,1vs1,,,OK
228,2025-03-13,Pol,,No,No,1vs1,,,OK
228,2025-03-13,Sam,70,Si,Si,1vs1,,,OK
228,2025-03-13,Tommy,,No,No,1vs1,,,OK
229,2025-03-13,Andrea,,No,No,1vs1,,,OK
229,2025-03-13,Pietro,80,Si,Si,1vs1,,,OK
229,2025-03-13,Pol,,No,No,1vs1,,,OK
229,2025-03-13,Sam,40,Si,No,1vs1,,,OK
229,2025-03-13,Tommy,,No,No,1vs1,,,OK
230,2025-03-13,Andrea,,No,No,1vs1,,,OK
230,2025-03-13,Pietro,57,Si,No,1vs1,,,OK
230,2025-03-13,Pol,,No,No,1vs1,,,OK
230,2025-03-13,Sam,63,Si,Si,1vs1,,,OK
230,2025-03-13,Tommy,,No,No,1vs1,,,OK
231,2025-03-13,Andrea,,No,No,1vs1,,,OK
231,2025-03-13,Pietro,42,Si,No,1vs1,,,OK
231,2025-03-13,Pol,,No,No,1vs1,,,OK
231,2025-03-13,Sam,78,Si,Si,1vs1,,,OK
231,2025-03-13,Tommy,,No,No,1vs1,,,OK
232,2025-03-13,Andrea,,No,No,1vs1,,,OK
232,2025-03-13,Pietro,71,Si,Si,1vs1,,,OK
232,2025-03-13,Pol,,No,No,1vs1,,,OK
232,2025-03-13,Sam,49,Si,No,1vs1,,,OK
232,2025-03-13,Tommy,,No,No,1vs1,,,OK
233,2025-03-13,Andrea,,No,No,1vs1,,,OK
233,2025-03-13,Pietro,85,Si,Si,1vs1,,,OK
233,2025-03-13,Pol,,No,No,1vs1,,,OK
233,2025-03-13,Sam,35,Si,No,1vs1,,,OK
233,2025-03-13,Tommy,,No,No,1vs1,,,OK
234,2025-03-13,Andrea,,No,No,1vs1,,,OK
234,2025-03-13,Pietro,57,Si,No,1vs1,,,OK
234,2025-03-13,Pol,,No,No,1vs1,,,OK
234,2025-03-13,Sam,63,Si,Si,1vs1,,,OK
234,2025-03-13,Tommy,,No,No,1vs1,,,OK
235,2025-03-13,Andrea,,No,No,1vs1,,,OK
235,2025-03-13,Pietro,65,Si,Si,1vs1,,,OK
235,2025-03-13,Pol,,No,No,1vs1,,,OK
235,2025-03-13,Sam,55,Si,No,1vs1,,,OK
235,2025-03-13,Tommy,,No,No,1vs1,,,OK
236,2025-03-17,Andrea,60,Si,Si,1vs1,,,OK
236,2025-03-17,Pietro,,No,No,1vs1,,,OK
236,2025-03-17,Pol,,No,No,1vs1,,,OK
236,2025-03-17,Sam,,No,No,1vs1,,,OK
236,2025-03-17,Tommy,60,Si,Si,1vs1,,,OK
237,2025-03-17,Andrea,42,Si,No,1vs1vs1,,,OK
237,2025-03-17,Pietro,51,Si,Si,1vs1vs1,,,OK
237,2025-03-17,Pol,,No,No,1vs1vs1,,,OK
237,2025-03-17,Sam,,No,No,1vs1vs1,,,OK
237,2025-03-17,Tommy,27,Si,No,1vs1vs1,,,OK
238,2025-03-17,Andrea,48,Si,No,1vs1vs1,,,OK
238,2025-03-17,Pietro,11,Si,No,1vs1vs1,,,OK
238,2025-03-17,Pol,,No,No,1vs1vs1,,,OK
238,2025-03-17,Sam,,No,No,1vs1vs1,,,OK
238,2025-03-17,Tommy,61,Si,Si,1vs1vs1,,,OK
239,2025-03-17,Andrea,17,Si,No,1vs1vs1,,,OK
239,2025-03-17,Pietro,48,Si,No,1vs1vs1,,,OK
239,2025-03-17,Pol,,No,No,1vs1vs1,,,OK
239,2025-03-17,Sam,,No,No,1vs1vs1,,,OK
239,2025-03-17,Tommy,55,Si,Si,1vs1vs1,,,OK
240,2025-03-17,Andrea,51,Si,Si,1vs1vs1,,,OK
240,2025-03-17,Pietro,34,Si,No,1vs1vs1,,,OK
240,2025-03-17,Pol,,No,No,1vs1vs1,,,OK
240,2025-03-17,Sam,,No,No,1vs1vs1,,,OK
240,2025-03-17,Tommy,35,Si,No,1vs1vs1,,,OK
241,2025-03-17,Andrea,34,Si,No,1vs1vs1,,,OK
241,2025-03-17,Pietro,54,Si,Si,1vs1vs1,,,OK
241,2025-03-17,Pol,,No,No,1vs1vs1,,,OK
241,2025-03-17,Sam,,No,No,1vs1vs1,,,OK
241,2025-03-17,Tommy,32,Si,No,1vs1vs1,,,OK
242,2025-03-20,Andrea,32,Si,No,1vs1vs1,,,OK
242,2025-03-20,Pietro,24,Si,No,1vs1vs1,,,OK
242,2025-03-20,Pol,,No,No,1vs1vs1,,,OK
242,2025-03-20,Sam,,No,No,1vs1vs1,,,OK
242,2025-03-20,Tommy,64,Si,Si,1vs1vs1,,,OK
243,2025-03-20,Andrea,46,Si,No,1vs1vs1,,,OK
243,2025-03-20,Pietro,47,Si,Si,1vs1vs1,,,OK
243,2025-03-20,Pol,,No,No,1vs1vs1,,,OK
243,2025-03-20,Sam,,No,No,1vs1vs1,,,OK
243,2025-03-20,Tommy,27,Si,No,1vs1vs1,,,OK
244,2025-03-20,Andrea,31,Si,No,1vs1vs1,,,OK
244,2025-03-20,Pietro,41,Si,No,1vs1vs1,,,OK
244,2025-03-20,Pol,,No,No,1vs1vs1,,,OK
244,2025-03-20,Sam,,No,No,1vs1vs1,,,OK
244,2025-03-20,Tommy,48,Si,Si,1vs1vs1,,,OK
245,2025-03-20,Andrea,32,Si,No,1vs1vs1,,,OK
245,2025-03-20,Pietro,27,Si,No,1vs1vs1,,,OK
245,2025-03-20,Pol,,No,No,1vs1vs1,,,OK
245,2025-03-20,Sam,,No,No,1vs1vs1,,,OK
245,2025-03-20,Tommy,61,Si,Si,1vs1vs1,,,OK
246,2025-03-20,Andrea,10,Si,No,1vs1vs1,,,OK
246,2025-03-20,Pietro,60,Si,Si,1vs1vs1,,,OK
246,2025-03-20,Pol,,No,No,1vs1vs1,,,OK
246,2025-03-20,Sam,,No,No,1vs1vs1,,,OK
246,2025-03-20,Tommy,50,Si,No,1vs1vs1,,,OK
247,2025-03-20,Andrea,54,Si,Si,1vs1vs1,,,OK
247,2025-03-20,Pietro,25,Si,No,1vs1vs1,,,OK
247,2025-03-20,Pol,,No,No,1vs1vs1,,,OK
247,2025-03-20,Sam,,No,No,1vs1vs1,,,OK
247,2025-03-20,Tommy,41,Si,No,1vs1vs1,,,OK
248,2025-03-20,Andrea,39,Si,No,1vs1vs1,,,OK
248,2025-03-20,Pietro,36,Si,No,1vs1vs1,,,OK
248,2025-03-20,Pol,,No,No,1vs1vs1,,,OK
248,2025-03-20,Sam,,No,No,1vs1vs1,,,OK
248,2025-03-20,Tommy,45,Si,Si,1vs1vs1,,,OK
249,2025-03-20,Andrea,46,Si,No,1vs1vs1,,,OK
249,2025-03-20,Pietro,57,Si,Si,1vs1vs1,,,OK
249,2025-03-20,Pol,,No,No,1vs1vs1,,,OK
249,2025-03-20,Sam,,No,No,1vs1vs1,,,OK
249,2025-03-20,Tommy,17,Si,No,1vs1vs1,,,OK
250,2025-03-20,Andrea,15,Si,No,1vs1vs1,,,OK
250,2025-03-20,Pietro,38,Si,No,1vs1vs1,,,OK
250,2025-03-20,Pol,,No,No,1vs1vs1,,,OK
250,2025-03-20,Sam,,No,No,1vs1vs1,,,OK
250,2025-03-20,Tommy,67,Si,Si,1vs1vs1,,,OK
251,2025-03-26,Andrea,92,Si,Si,2vs2,Pietro,,OK
251,2025-03-26,Pietro,92,Si,Si,2vs2,Andrea,,OK
251,2025-03-26,Pol,,No,No,2vs2,,,OK
251,2025-03-26,Sam,28,Si,No,2vs2,Tommy,,OK
251,2025-03-26,Tommy,28,Si,No,2vs2,Sam,,OK
252,2025-03-26,Andrea,17,Si,No,2vs2,Pietro,,OK
252,2025-03-26,Pietro,17,Si,No,2vs2,Andrea,,OK
252,2025-03-26,Pol,,No,No,2vs2,,,OK
252,2025-03-26,Sam,103,Si,Si,2vs2,Tommy,,OK
252,2025-03-26,Tommy,103,Si,Si,2vs2,Sam,,OK
253,2025-03-26,Andrea,77,Si,Si,2vs2,Pietro,,OK
253,2025-03-26,Pietro,77,Si,Si,2vs2,Andrea,,OK
253,2025-03-26,Pol,,No,No,2vs2,,,OK
253,2025-03-26,Sam,43,Si,No,2vs2,Tommy,,OK
253,2025-03-26,Tommy,43,Si,No,2vs2,Sam,,OK
254,2025-03-26,Andrea,55,Si,No,2vs2,Pietro,,OK
254,2025-03-26,Pietro,55,Si,No,2vs2,Andrea,,OK
254,2025-03-26,Pol,,No,No,2vs2,,,OK
254,2025-03-26,Sam,65,Si,Si,2vs2,Tommy,,OK
254,2025-03-26,Tommy,65,Si,Si,2vs2,Sam,,OK
255,2025-03-26,Andrea,90,Si,Si,2vs2,Pietro,,OK
255,2025-03-26,Pietro,90,Si,Si,2vs2,Andrea,,OK
255,2025-03-26,Pol,,No,No,2vs2,,,OK
255,2025-03-26,Sam,30,Si,No,2vs2,Tommy,,OK
255,2025-03-26,Tommy,30,Si,No,2vs2,Sam,,OK
256,2025-03-26,Andrea,97,Si,Si,2vs2,Pietro,,OK
256,2025-03-26,Pietro,97,Si,Si,2vs2,Andrea,,OK
256,2025-03-26,Pol,,No,No,2vs2,,,OK
256,2025-03-26,Sam,23,Si,No,2vs2,Tommy,,OK
256,2025-03-26,Tommy,23,Si,No,2vs2,Sam,,OK
257,2025-03-26,Andrea,24,Si,No,2vs2,Pietro,,OK
257,2025-03-26,Pietro,24,Si,No,2vs2,Andrea,,OK
257,2025-03-26,Pol,,No,No,2vs2,,,OK
257,2025-03-26,Sam,96,Si,Si,2vs2,Tommy,,OK
257,2025-03-26,Tommy,96,Si,Si,2vs2,Sam,,OK
258,2025-03-26,Andrea,46,Si,No,2vs2,Pietro,,OK
258,2025-03-26,Pietro,46,Si,No,2vs2,Andrea,,OK
258,2025-03-26,Pol,,No,No,2vs2,,,OK
258,2025-03-26,Sam,74,Si,Si,2vs2,Tommy,,OK
258,2025-03-26,Tommy,74,Si,Si,2vs2,Sam,,OK
259,2025-03-26,Andrea,101,Si,Si,2vs2,Pietro,,OK
259,2025-03-26,Pietro,101,Si,Si,2vs2,Andrea,,OK
259,2025-03-26,Pol,,No,No,2vs2,,,OK
259,2025-03-26,Sam,19,Si,No,2vs2,Tommy,,OK
259,2025-03-26,Tommy,19,Si,No,2vs2,Sam,,OK
260,2025-03-26,Andrea,54,Si,No,2vs2,Pietro,,OK
260,2025-03-26,Pietro,54,Si,No,2vs2,Andrea,,OK
260,2025-03-26,Pol,,No,No,2vs2,,,OK
260,2025-03-26,Sam,66,Si,Si,2vs2,Tommy,,OK
260,2025-03-26,Tommy,66,Si,Si,2vs2,Sam,,OK
261,2025-03-27,Andrea,50,Si,No,2vs2,Tommy,,OK
261,2025-03-27,Pietro,70,Si,Si,2vs2,Sam,,OK
261,2025-03-27,Pol,,No,No,2vs2,,,OK
261,2025-03-27,Sam,70,Si,Si,2vs2,Pietro,,OK
261,2025-03-27,Tommy,50,Si,No,2vs2,Andrea,,OK
262,2025-03-27,Andrea,47,Si,No,2vs2,Tommy,,OK
262,2025-03-27,Pietro,73,Si,Si,2vs2,Sam,,OK
262,2025-03-27,Pol,,No,No,2vs2,,,OK
262,2025-03-27,Sam,73,Si,Si,2vs2,Pietro,,OK
262,2025-03-27,Tommy,47,Si,No,2vs2,Andrea,,OK
263,2025-03-27,Andrea,67,Si,Si,2vs2,Tommy,,OK
263,2025-03-27,Pietro,53,Si,No,2vs2,Sam,,OK
263,2025-03-27,Pol,,No,No,2vs2,,,OK
263,2025-03-27,Sam,53,Si,No,2vs2,Pietro,,OK
263,2025-03-27,Tommy,67,Si,Si,2vs2,Andrea,,OK
264,2025-03-27,Andrea,30,Si,No,2vs2,Tommy,,OK
264,2025-03-27,Pietro,90,Si,Si,2vs2,Sam,,OK
264,2025-03-27,Pol,,No,No,2vs2,,,OK
264,2025-03-27,Sam,90,Si,Si,2vs2,Pietro,,OK
264,2025-03-27,Tommy,30,Si,No,2vs2,Andrea,,OK
265,2025-03-27,Andrea,81,Si,Si,2vs2,Sam,,OK
265,2025-03-27,Pietro,39,Si,No,2vs2,Tommy,,OK
265,2025-03-27,Pol,,No,No,2vs2,,,OK
265,2025-03-27,Sam,81,Si,Si,2vs2,Andrea,,OK
265,2025-03-27,Tommy,39,Si,No,2vs2,Pietro,,OK
266,2025-03-27,Andrea,63,Si,Si,1vs1vs1,,,OK
266,2025-03-27,Pietro,,No,No,1vs1vs1,,,OK
266,2025-03-27,Pol,,No,No,1vs1vs1,,,OK
266,2025-03-27,Sam,37,Si,No,1vs1vs1,,,OK
266,2025-03-27,Tommy,20,Si,No,1vs1vs1,,,OK
267,2025-03-27,Andrea,66,Si,Si,1vs1vs1,,,OK
267,2025-03-27,Pietro,,No,No,1vs1vs1,,,OK
267,2025-03-27,Pol,,No,No,1vs1vs1,,,OK
267,2025-03-27,Sam,18,Si,No,1vs1vs1,,,OK
267,2025-03-27,Tommy,36,Si,No,1vs1vs1,,,OK
268,2025-03-27,Andrea,39,Si,No,1vs1vs1,,,OK
268,2025-03-27,Pietro,,No,No,1vs1vs1,,,OK
268,2025-03-27,Pol,,No,No,1vs1vs1,,,OK
268,2025-03-27,Sam,36,Si,No,1vs1vs1,,,OK
268,2025-03-27,Tommy,45,Si,Si,1vs1vs1,,,OK
269,2025-03-31,Andrea,27,Si,No,1vs1vs1,,,OK
269,2025-03-31,Pietro,36,Si,No,1vs1vs1,,,OK
269,2025-03-31,Pol,,No,No,1vs1vs1,,,OK
269,2025-03-31,Sam,,No,No,1vs1vs1,,,OK
269,2025-03-31,Tommy,57,Si,Si,1vs1vs1,,,OK
270,2025-03-31,Andrea,28,Si,No,1vs1vs1,,,OK
270,2025-03-31,Pietro,49,Si,Si,1vs1vs1,,,OK
270,2025-03-31,Pol,,No,No,1vs1vs1,,,OK
270,2025-03-31,Sam,,No,No,1vs1vs1,,,OK
270,2025-03-31,Tommy,43,Si,No,1vs1vs1,,,OK
271,2025-03-31,Andrea,17,Si,No,1vs1vs1,,,OK
271,2025-03-31,Pietro,38,Si,No,1vs1vs1,,,OK
271,2025-03-31,Pol,,No,No,1vs1vs1,,,OK
271,2025-03-31,Sam,,No,No,1vs1vs1,,,OK
271,2025-03-31,Tommy,65,Si,Si,1vs1vs1,,,OK
272,2025-03-31,Andrea,48,Si,No,1vs1vs1,,,OK
272,2025-03-31,Pietro,13,Si,No,1vs1vs1,,,OK
272,2025-03-31,Pol,,No,No,1vs1vs1,,,OK
272,2025-03-31,Sam,,No,No,1vs1vs1,,,OK
272,2025-03-31,Tommy,59,Si,Si,1vs1vs1,,,OK
273,2025-03-31,Andrea,3,Si,No,1vs1vs1,,,OK
273,2025-03-31,Pietro,89,Si,Si,1vs1vs1,,,OK
273,2025-03-31,Pol,,No,No,1vs1vs1,,,OK
273,2025-03-31,Sam,,No,No,1vs1vs1,,,OK
273,2025-03-31,Tommy,28,Si,No,1vs1vs1,,,OK
274,2025-03-31,Andrea,78,Si,Si,1vs1vs1,,,OK
274,2025-03-31,Pietro,20,Si,No,1vs1vs1,,,OK
274,2025-03-31,Pol,,No,No,1vs1vs1,,,OK
274,2025-03-31,Sam,,No,No,1vs1vs1,,,OK
274,2025-03-31,Tommy,22,Si,No,1vs1vs1,,,OK
275,2025-03-31,Andrea,39,Si,No,1vs1vs1,,,OK
275,2025-03-31,Pietro,19,Si,No,1vs1vs1,,,OK
275,2025-03-31,Pol,,No,No,1vs1vs1,,,OK
275,2025-03-31,Sam,,No,No,1vs1vs1,,,OK
275,2025-03-31,Tommy,62,Si,Si,1vs1vs1,,,OK
276,2025-03-31,Andrea,50,Si,No,1vs1vs1,,,OK
276,2025-03-31,Pietro,53,Si,Si,1vs1vs1,,,OK
276,2025-03-31,Pol,,No,No,1vs1vs1,,,OK
276,2025-03-31,Sam,,No,No,1vs1vs1,,,OK
276,2025-03-31,Tommy,17,Si,No,1vs1vs1,,,OK
277,2025-03-31,Andrea,66,Si,Si,1vs1vs1,,,OK
277,2025-03-31,Pietro,39,Si,No,1vs1vs1,,,OK
277,2025-03-31,Pol,,No,No,1vs1vs1,,,OK
277,2025-03-31,Sam,,No,No,1vs1vs1,,,OK
277,2025-03-31,Tommy,15,Si,No,1vs1vs1,,,OK
278,2025-04-09,Andrea,35,Si,No,2vs2,Pietro,,OK
278,2025-04-09,Pietro,35,Si,No,2vs2,Andrea,,OK
278,2025-04-09,Pol,,No,No,2vs2,,,OK
278,2025-04-09,Sam,85,Si,Si,2vs2,Tommy,,OK
278,2025-04-09,Tommy,85,Si,Si,2vs2,Sam,,OK
279,2025-04-09,Andrea,68,Si,Si,2vs2,Pietro,,OK
279,2025-04-09,Pietro,68,Si,Si,2vs2,Andrea,,OK
279,2025-04-09,Pol,,No,No,2vs2,,,OK
279,2025-04-09,Sam,52,Si,No,2vs2,Tommy,,OK
279,2025-04-09,Tommy,52,Si,No,2vs2,Sam,,OK
280,2025-04-09,Andrea,80,Si,Si,2vs2,Pietro,,OK
280,2025-04-09,Pietro,80,Si,Si,2vs2,Andrea,,OK
280,2025-04-09,Pol,,No,No,2vs2,,,OK
280,2025-04-09,Sam,40,Si,No,2vs2,Tommy,,OK
280,2025-04-09,Tommy,40,Si,No,2vs2,Sam,,OK
281,2025-04-09,Andrea,52,Si,No,2vs2,Pietro,,OK
281,2025-04-09,Pietro,52,Si,No,2vs2,Andrea,,OK
281,2025-04-09,Pol,,No,No,2vs2,,,OK
281,2025-04-09,Sam,68,Si,Si,2vs2,Tommy,,OK
281,2025-04-09,Tommy,68,Si,Si,2vs2,Sam,,OK
282,2025-04-09,Andrea,56,Si,No,2vs2,Pietro,,OK
282,2025-04-09,Pietro,56,Si,No,2vs2,Andrea,,OK
282,2025-04-09,Pol,,No,No,2vs2,,,OK
282,2025-04-09,Sam,64,Si,Si,2vs2,Tommy,,OK
282,2025-04-09,Tommy,64,Si,Si,2vs2,Sam,,OK
283,2025-04-09,Andrea,46,Si,No,2vs2,Pietro,,OK
283,2025-04-09,Pietro,46,Si,No,2vs2,Andrea,,OK
283,2025-04-09,Pol,,No,No,2vs2,,,OK
283,2025-04-09,Sam,74,Si,Si,2vs2,Tommy,,OK
283,2025-04-09,Tommy,74,Si,Si,2vs2,Sam,,OK
284,2025-04-09,Andrea,96,Si,Si,2vs2,Pietro,,OK
284,2025-04-09,Pietro,96,Si,Si,2vs2,Andrea,,OK
284,2025-04-09,Pol,,No,No,2vs2,,,OK
284,2025-04-09,Sam,24,Si,No,2vs2,Tommy,,OK
284,2025-04-09,Tommy,24,Si,No,2vs2,Sam,,OK
285,2025-04-09,Andrea,47,Si,No,2vs2,Pietro,,OK
285,2025-04-09,Pietro,47,Si,No,2vs2,Andrea,,OK
285,2025-04-09,Pol,,No,No,2vs2,,,OK
285,2025-04-09,Sam,73,Si,Si,2vs2,Tommy,,OK
285,2025-04-09,Tommy,73,Si,Si,2vs2,Sam,,OK
286,2025-04-10,Andrea,16,Si,No,1vs1vs1,,,OK
286,2025-04-10,Pietro,37,Si,No,1vs1vs1,,,OK
286,2025-04-10,Pol,,No,No,1vs1vs1,,,OK
286,2025-04-10,Sam,67,Si,Si,1vs1vs1,,,OK
286,2025-04-10,Tommy,,No,No,1vs1vs1,,,OK
287,2025-04-10,Andrea,47,Si,No,1vs1vs1,,,OK
287,2025-04-10,Pietro,60,Si,Si,1vs1vs1,,,OK
287,2025-04-10,Pol,,No,No,1vs1vs1,,,OK
287,2025-04-10,Sam,13,Si,No,1vs1vs1,,,OK
287,2025-04-10,Tommy,,No,No,1vs1vs1,,,OK
288,2025-04-10,Andrea,51,Si,Si,1vs1vs1,,,OK
288,2025-04-10,Pietro,25,Si,No,1vs1vs1,,,OK
288,2025-04-10,Pol,,No,No,1vs1vs1,,,OK
288,2025-04-10,Sam,44,Si,No,1vs1vs1,,,OK
288,2025-04-10,Tommy,,No,No,1vs1vs1,,,OK
289,2025-04-10,Andrea,17,Si,No,1vs1vs1,,,OK
289,2025-04-10,Pietro,44,Si,No,1vs1vs1,,,OK
289,2025-04-10,Pol,,No,No,1vs1vs1,,,OK
289,2025-04-10,Sam,59,Si,Si,1vs1vs1,,,OK
289,2025-04-10,Tommy,,No,No,1vs1vs1,,,OK
290,2025-04-10,Andrea,65,Si,Si,1vs1vs1,,,OK
290,2025-04-10,Pietro,15,Si,No,1vs1vs1,,,OK
290,2025-04-10,Pol,,No,No,1vs1vs1,,,OK
290,2025-04-10,Sam,40,Si,No,1vs1vs1,,,OK
290,2025-04-10,Tommy,,No,No,1vs1vs1,,,OK
291,2025-04-10,Andrea,46,Si,No,1vs1vs1,,,OK
291,2025-04-10,Pietro,56,Si,Si,1vs1vs1,,,OK
291,2025-04-10,Pol,,No,No,1vs1vs1,,,OK
291,2025-04-10,Sam,18,Si,No,1vs1vs1,,,OK
291,2025-04-10,Tommy,,No,No,1vs1vs1,,,OK
292,2025-04-10,Andrea,38,Si,No,1vs1vs1,,,OK
292,2025-04-10,Pietro,38,Si,No,1vs1vs1,,,OK
292,2025-04-10,Pol,,No,No,1vs1vs1,,,OK
292,2025-04-10,Sam,44,Si,Si,1vs1vs1,,,OK
292,2025-04-10,Tommy,,No,No,1vs1vs1,,,OK
293,2025-04-10,Andrea,43,Si,No,1vs1vs1,,,OK
293,2025-04-10,Pietro,27,Si,No,1vs1vs1,,,OK
293,2025-04-10,Pol,,No,No,1vs1vs1,,,OK
293,2025-04-10,Sam,50,Si,Si,1vs1vs1,,,OK
293,2025-04-10,Tommy,,No,No,1vs1vs1,,,OK
294,2025-04-10,Andrea,50,Si,No,1vs1vs1,,,OK
294,2025-04-10,Pietro,18,Si,No,1vs1vs1,,,OK
294,2025-04-10,Pol,,No,No,1vs1vs1,,,OK
294,2025-04-10,Sam,52,Si,Si,1vs1vs1,,,OK
294,2025-04-10,Tommy,,No,No,1vs1vs1,,,OK
295,2025-04-14,Andrea,53,Si,Si,1vs1vs1,,,OK
295,2025-04-14,Pietro,17,Si,No,1vs1vs1,,,OK
295,2025-04-14,Pol,,No,No,1vs1vs1,,,OK
295,2025-04-14,Sam,,No,No,1vs1vs1,,,OK
295,2025-04-14,Tommy,50,Si,No,1vs1vs1,,,OK
296,2025-05-02,Andrea,45,Si,No,1vs1vs1,,,OK
296,2025-05-02,Pietro,,No,No,1vs1vs1,,,OK
296,2025-05-02,Pol,,No,No,1vs1vs1,,,OK
296,2025-05-02,Sam,0,Si,No,1vs1vs1,,,OK
296,2025-05-02,Tommy,75,Si,Si,1vs1vs1,,,OK
297,2025-05-02,Andrea,35,Si,No,1vs1vs1,,,OK
297,2025-05-02,Pietro,,No,No,1vs1vs1,,,OK
297,2025-05-02,Pol,,No,No,1vs1vs1,,,OK
297,2025-05-02,Sam,54,Si,Si,1vs1vs1,,,OK
297,2025-05-02,Tommy,31,Si,No,1vs1vs1,,,OK
298,2025-05-02,Andrea,49,Si,Si,1vs1vs1,,,OK
298,2025-05-02,Pietro,,No,No,1vs1vs1,,,OK
298,2025-05-02,Pol,,No,No,1vs1vs1,,,OK
298,2025-05-02,Sam,37,Si,No,1vs1vs1,,,OK
298,2025-05-02,Tommy,34,Si,No,1vs1vs1,,,OK
299,2025-05-02,Andrea,33,Si,No,1vs1vs1,,,OK
299,2025-05-02,Pietro,,No,No,1vs1vs1,,,OK
299,2025-05-02,Pol,,No,No,1vs1vs1,,,OK
299,2025-05-02,Sam,15,Si,No,1vs1vs1,,,OK
299,2025-05-02,Tommy,72,Si,Si,1vs1vs1,,,OK
300,2025-05-02,Andrea,36,Si,No,1vs1vs1,,,OK
300,2025-05-02,Pietro,,No,No,1vs1vs1,,,OK
300,2025-05-02,Pol,,No,No,1vs1vs1,,,OK
300,2025-05-02,Sam,27,Si,No,1vs1vs1,,,OK
300,2025-05-02,Tommy,57,Si,Si,1vs1vs1,,,OK
301,2025-05-02,Andrea,20,Si,No,1vs1vs1,,,OK
301,2025-05-02,Pietro,,No,No,1vs1vs1,,,OK
301,2025-05-02,Pol,,No,No,1vs1vs1,,,OK
301,2025-05-02,Sam,67,Si,Si,1vs1vs1,,,OK
301,2025-05-02,Tommy,33,Si,No,1vs1vs1,,,OK
302,2025-05-02,Andrea,70,Si,Si,1vs1vs1,,,OK
302,2025-05-02,Pietro,,No,No,1vs1vs1,,,OK
302,2025-05-02,Pol,,No,No,1vs1vs1,,,OK
302,2025-05-02,Sam,18,Si,No,1vs1vs1,,,OK
302,2025-05-02,Tommy,32,Si,No,1vs1vs1,,,OK
303,2025-05-02,Andrea,43,Si,No,1vs1vs1,,,OK
303,2025-05-02,Pietro,,No,No,1vs1vs1,,,OK
303,2025-05-02,Pol,,No,No,1vs1vs1,,,OK
303,2025-05-02,Sam,22,Si,No,1vs1vs1,,,OK
303,2025-05-02,Tommy,55,Si,Si,1vs1vs1,,,OK
304,2025-05-02,Andrea,50,Si,No,1vs1vs1,,,OK
304,2025-05-02,Pietro,,No,No,1vs1vs1,,,OK
304,2025-05-02,Pol,,No,No,1vs1vs1,,,OK
304,2025-05-02,Sam,60,Si,Si,1vs1vs1,,,OK
304,2025-05-02,Tommy,10,Si,No,1vs1vs1,,,OK
305,2025-05-05,Andrea,56,Si,No,1vs1vs1,,,OK
305,2025-05-05,Pietro,62,Si,Si,1vs1vs1,,,OK
305,2025-05-05,Pol,,No,No,1vs1vs1,,,OK
305,2025-05-05,Sam,,No,No,1vs1vs1,,,OK
305,2025-05-05,Tommy,2,Si,No,1vs1vs1,,,OK
306,2025-05-05,Andrea,17,Si,No,1vs1vs1,,,OK
306,2025-05-05,Pietro,71,Si,Si,1vs1vs1,,,OK
306,2025-05-05,Pol,,No,No,1vs1vs1,,,OK
306,2025-05-05,Sam,,No,No,1vs1vs1,,,OK
306,2025-05-05,Tommy,32,Si,No,1vs1vs1,,,OK
307,2025-05-05,Andrea,57,Si,Si,1vs1vs1,,,OK
307,2025-05-05,Pietro,49,Si,No,1vs1vs1,,,OK
307,2025-05-05,Pol,,No,No,1vs1vs1,,,OK
307,2025-05-05,Sam,,No,No,1vs1vs1,,,OK
307,2025-05-05,Tommy,14,Si,No,1vs1vs1,,,OK
308,2025-05-07,Andrea,31,Si,No,1vs1vs1,,,OK
308,2025-05-07,Pietro,52,Si,Si,1vs1vs1,,,OK
308,2025-05-07,Pol,,No,No,1vs1vs1,,,OK
308,2025-05-07,Sam,,No,No,1vs1vs1,,,OK
308,2025-05-07,Tommy,37,Si,No,1vs1vs1,,,OK
309,2025-05-07,Andrea,4,Si,No,1vs1vs1,,,OK
309,2025-05-07,Pietro,64,Si,Si,1vs1vs1,,,OK
309,2025-05-07,Pol,,No,No,1vs1vs1,,,OK
309,2025-05-07,Sam,,No,No,1vs1vs1,,,OK
309,2025-05-07,Tommy,52,Si,No,1vs1vs1,,,OK
310,2025-05-07,Andrea,42,Si,No,1vs1vs1,,,OK
310,2025-05-07,Pietro,57,Si,Si,1vs1vs1,,,OK
310,2025-05-07,Pol,,No,No,1vs1vs1,,,OK
310,2025-05-07,Sam,,No,No,1vs1vs1,,,OK
310,2025-05-07,Tommy,21,Si,No,1vs1vs1,,,OK
311,2025-05-07,Andrea,25,Si,No,1vs1vs1,,,OK
311,2025-05-07,Pietro,52,Si,Si,1vs1vs1,,,OK
311,2025-05-07,Pol,,No,No,1vs1vs1,,,OK
311,2025-05-07,Sam,,No,No,1vs1vs1,,,OK
311,2025-05-07,Tommy,43,Si,No,1vs1vs1,,,OK
312,2025-05-07,Andrea,65,Si,Si,1vs1vs1,,,OK
312,2025-05-07,Pietro,24,Si,No,1vs1vs1,,,OK
312,2025-05-07,Pol,,No,No,1vs1vs1,,,OK
312,2025-05-07,Sam,,No,No,1vs1vs1,,,OK
312,2025-05-07,Tommy,31,Si,No,1vs1vs1,,,OK
313,2025-05-07,Andrea,15,Si,No,1vs1vs1,,,OK
313,2025-05-07,Pietro,66,Si,Si,1vs1vs1,,,OK
313,2025-05-07,Pol,,No,No,1vs1vs1,,,OK
313,2025-05-07,Sam,,No,No,1vs1vs1,,,OK
313,2025-05-07,Tommy,39,Si,No,1vs1vs1,,,OK
314,2025-05-12,Andrea,88,Si,Si,1vs1,,,OK
314,2025-05-12,Pietro,32,Si,No,1vs1,,,OK
314,2025-05-12,Pol,,No,No,1vs1,,,OK
314,2025-05-12,Sam,,No,No,1vs1,,,OK
314,2025-05-12,Tommy,,No,No,1vs1,,,OK
315,2025-05-12,Andrea,62,Si,Si,1vs1,,,OK
315,2025-05-12,Pietro,58,Si,No,1vs1,,,OK
315,2025-05-12,Pol,,No,No,1vs1,,,OK
315,2025-05-12,Sam,,No,No,1vs1,,,OK
315,2025-05-12,Tommy,,No,No,1vs1,,,OK
316,2025-05-12,Andrea,37,Si,No,1vs1,,,OK
316,2025-05-12,Pietro,83,Si,Si,1vs1,,,OK
316,2025-05-12,Pol,,No,No,1vs1,,,OK
316,2025-05-12,Sam,,No,No,1vs1,,,OK
316,2025-05-12,Tommy,,No,No,1vs1,,,OK